dynamic,1
facilities,4
captain,1
saved,1
assembled,1
increase,6
swag,1
bike,7
lord,1
worth,1
plants,3
cavaliers,1
handling,1
every,4
wagons,4
commack,2
alpine,2
prize,7
companies,1
piling,2
red,8
enhance,1
heading,1
clothes,1
carfax,7
corvette,7
insult,1
second,1
street,3
even,11
hate,4
revolves,15
children,2
new,53
ever,11
told,4
zach,5
reported,2
mex,3
kids,6
daughter,2
study,7
proportioned,2
reports,4
credit,1
analysts,2
chrysler,25
changes,2
secure,1
brought,2
txt,7
would,10
sustaniability,7
dprk,1
music,7
indiana,2
type,1
los,8
brings,7
phone,1
teaching,3
hold,1
must,2
springer,1
word,1
rights,8
work,7
camry,1
estate,1
give,2
repor,1
uaw,1
honey,1
want,5
keep,4
end,4
hot,7
interview,2
charging,7
believers,1
earlier,2
imaginable,1
wrong,3
lay,2
president,2
law,2
royce,15
danny,10
third,2
strt,1
toluca,2
keeps,1
operate,1
wind,7
operations,1
salon,8
innovative,1
japan,7
hauppauge,2
bombing,7
somewhere,2
bringing,1
fix,8
cla,19
better,3
production,31
hidden,2
prius,1
cls,2
vandalize,6
aston,7
offroad,1
break,1
debut,3
arrested,8
detroit,7
feeds,15
side,1
mean,1
series,8
crimes,2
carry,1
milan,1
used,20
whining,1
haired,1
diesel,7
medicine,2
got,3
venezuela,1
turning,1
written,2
threatened,1
little,12
free,8
management,1
cheers,7
grapes,1
starts,1
machining,13
onto,2
speeds,1
already,6
encouraging,2
another,7
kia,1
leaders,1
service,1
heights,2
needed,2
tom,2
hemijohn,1
urban,1
took,3
somewhat,1
target,2
aztek,1
matter,2
guilt,7
speaking,2
ran,1
boston,33
torque,8
talking,3
tells,3
relatively,1
forced,3
wholesome,3
sound,1
luxury,6
forces,2
belvidere,1
blue,5
though,4
automaker,3
regular,2
antitrust,7
walkaround,16
points,3
voting,1
came,1
saying,2
queeg,1
retire,14
prix,5
availability,1
fisheye,1
unleashes,7
adequate,1
honda,1
stop,9
degradation,2
boxster,1
despite,2
runs,7
avenger,1
unlatch,2
covering,1
spokesperson,2
bag,4
bad,1
shots,5
woodies,1
release,4
tespect,1
automatic,2
decided,1
best,11
said,11
capacity,8
lots,1
away,4
afloat,1
wikipedia,1
mug,1
preserve,1
terms,8
ignorance,1
boss,10
cut,1
namba,8
dedication,1
news,5
convertible,10
debt,3
improve,1
received,4
accident,2
country,1
ill,2
swoopy,2
stuttgart,2
planned,6
com,8
appeared,8
jayp,1
three,6
quickly,2
much,3
expected,1
duties,1
life,4
families,1
child,2
spin,1
air,1
ugly,4
near,8
ugliest,1
balance,1
brake,25
damaged,2
pathfinder,14
things,2
make,1
jerry,1
translogic,7
complex,3
several,2
showing,2
omar,1
wheel,1
pontiac,1
workforce,2
kit,1
kim,3
nip,15
opportunity,2
cycle,5
kept,1
materials,3
monaco,6
investments,1
joon,1
opinions,1
solarwatt,7
sentence,2
identify,2
thanks,1
yes,1
yet,1
unique,1
hills,8
character,8
board,3
easy,2
har,1
save,1
hat,1
gave,2
possible,3
arab,1
designers,1
hatchback,8
apart,1
hunt,2
peeves,1
security,1
right,9
old,26
deal,8
people,13
begin,3
dead,3
captive,1
total,2
tracked,15
comments,9
cnn,1
stingray,7
core,1
deleted,1
marketing,3
illustration,1
mediocrity,1
post,2
manufacturing,5
automatically,1
ahn,1
obscene,1
son,2
entrepreneur,3
carabobo,1
communists,1
support,9
choosecontrol,4
class,18
joseph,1
way,2
call,8
war,1
head,3
amateur,3
offering,2
forming,2
forever,1
ford,9
true,3
inside,2
attached,2
maximum,8
devices,3
tell,1
camaro,8
smashed,2
passenger,3
proud,1
liberal,3
classic,7
proven,1
proves,1
pentastar,1
marxist,1
role,1
tie,1
krison,1
brothers,12
models,2
update,14
taurus,7
miranda,1
weekend,7
jacked,1
younger,2
shootout,3
faster,1
glass,1
santorum,1
together,2
time,6
others,1
neighbors,2
concept,40
managed,1
themed,7
activated,1
eldest,2
llc,2
mill,1
certainly,4
suicide,7
producing,1
laferrari,7
compensate,3
marks,2
henderson,2
trouble,1
cool,1
twinfun,9
level,2
turns,4
dig,1
posts,2
brother,8
leave,3
team,2
quick,3
guy,3
round,1
democrats,1
prevent,1
talked,2
says,11
trend,7
measurable,1
takeoff,7
cargo,2
endangering,2
constitution,1
current,1
suspect,1
vandalized,7
reply,12
enthusiast,8
ramming,7
muslim,3
water,7
alone,4
along,5
roaring,3
appears,1
change,2
wait,2
boy,7
vibrating,1
detonate,2
boo,2
nylon,1
teenage,4
extra,2
merely,1
ethiopian,7
market,8
indicated,2
working,1
terego,1
live,4
iphone,1
today,2
teased,1
leeches,1
teaser,2
teases,6
rigid,1
rssfeed,7
tokyo,8
car,44
originally,9
overloaded,5
garberding,1
sour,2
values,1
cam,1
growing,1
woefully,1
heart,1
awesome,1
lordy,1
topic,1
heard,2
unveiled,3
counting,1
requirements,1
bankrupt,2
rubio,1
economy,1
map,2
product,1
mar,8
escalate,3
clone,1
aol,17
southern,2
islamic,2
produce,1
designed,3
revealed,7
grow,1
man,1
supersonic,7
joint,2
maybe,2
truck,9
tall,7
typical,2
tagged,2
wishing,1
years,15
ended,1
coli,7
cold,1
still,3
group,7
gti,7
amazing,8
offers,7
mail,1
views,3
answer,1
transmissions,4
nov,8
wagon,8
term,6
name,3
corolla,1
establishing,1
entirely,2
quarter,2
fired,2
yeah,1
happen,1
intended,1
living,1
profit,1
tensions,3
factory,3
looking,1
seriously,1
formula,9
receiving,3
shows,8
monster,1
cars,29
million,25
possibility,3
quite,2
org,1
card,1
care,1
programming,1
chevy,9
thing,16
gordon,2
sho,7
think,7
waited,1
first,14
fleeing,6
one,17
reopen,2
americans,1
long,8
directly,2
vote,4
sounds,4
drove,2
open,3
ont,1
city,6
given,3
wrath,1
anyone,1
iat,1
white,1
bits,2
friend,5
alan,3
cops,1
ridiculous,1
specify,1
future,4
mated,2
topics,8
argument,1
crossover,1
say,5
foiled,2
horsepower,8
harley,1
saw,5
windsor,1
marathon,7
sat,1
nots,1
efficient,2
equipment,1
potential,1
take,2
performance,11
ironically,1
sure,4
multiple,2
track,12
price,7
paid,2
falls,2
america,3
cuban,7
democratic,1
egg,3
later,7
drive,9
ways,3
ferrari,7
senior,1
cobra,7
shot,4
show,18
ground,1
mbrace,31
upgrade,4
treasure,2
enough,3
going,3
equipped,4
outrage,1
carolina,1
theblackporsche,1
fiysler,1
get,18
hostage,2
replaces,1
nearly,3
auburn,1
morning,1
predicted,2
wiki,1
burst,1
hwankim,1
seat,2
relative,2
fellas,1
suspects,7
bicyclist,7
federal,2
behind,6
andreplace,1
reading,5
jobs,1
august,1
parent,1
killing,1
tooling,1
article,3
come,2
installation,2
tuck,15
many,1
nomenclature,1
pvkdfequcay,1
expression,1
comes,1
nearby,4
fulfills,2
color,1
twin,10
perpetuating,1
considering,3
west,1
porsche,25
airliner,7
airlines,7
coupe,7
dictator,1
combined,8
engine,11
bmw,22
case,3
renault,28
ongoing,2
scum,1
situation,4
shops,1
spotlight,2
vest,2
according,2
someone,2
technology,9
different,1
missiles,1
develop,1
april,10
pay,18
reminded,1
surveillance,2
gentlemen,1
ceo,6
html,1
vandalism,2
events,2
sterling,2
jeffrey,8
driver,21
director,1
changing,1
totally,1
tracking,4
without,1
demean,1
justify,1
taxi,7
morons,1
money,3
relevant,1
touch,1
speed,24
announcement,1
bluetec,1
clueless,1
thinking,4
seems,2
blog,2
lets,1
jong,2
ross,8
real,8
psi,7
around,24
kills,1
read,5
cayman,22
amg,4
dart,5
early,1
huffpost,1
traffic,7
mom,6
using,13
nissan,16
nose,1
fully,1
beverly,7
bankruptcies,1
madrid,3
images,1
stagecoach,7
geely,7
confirm,1
legal,7
conservative,1
critical,1
assembly,4
business,1
communicate,1
volkswagen,7
leadership,1
ratios,1
overbite,1
refers,1
went,4
package,1
jeep,12
island,2
industry,2
neighbor,2
bond,3
road,8
quietly,7
skilled,1
dtugg,2
area,1
racism,2
lol,1
start,3
italia,7
lot,4
bubble,1
billion,2
mischief,2
complete,1
jun,1
mich,4
antiquated,1
trying,1
buying,1
handsome,1
pull,1
hire,1
tipton,1
rage,7
drills,2
emissions,7
pulp,7
wants,1
vehicles,3
videos,3
watches,1
general,7
daily,3
formulation,1
casualty,2
drivers,1
hybrid,14
holiefield,1
slant,1
important,1
coverage,17
chris,7
tamerlan,5
applause,1
invest,2
restricted,6
alright,1
original,2
chinese,11
month,1
commute,1
welfare,2
talks,2
sung,1
spain,1
mpg,7
woman,2
returning,1
mph,1
worst,2
surprise,1
faa,7
crossovers,1
list,16
swirling,1
saudi,1
small,3
becker,11
streets,3
past,1
zero,1
design,20
hich,1
investment,15
investing,8
sun,7
section,1
brief,2
suv,3
version,10
tribute,7
racing,1
guns,2
iran,1
installations,1
supposedly,1
hours,64
iraq,1
fwd,1
experience,1
prior,1
amount,2
advertising,2
followed,1
put,9
aimed,1
toys,2
armed,2
select,7
takes,1
revelation,1
two,20
converters,7
turbo,1
israel,1
door,6
knows,2
company,8
mozilla,1
basically,2
factories,6
uncool,1
glad,1
keeping,2
gravel,1
nine,17
den,1
abandon,1
overwrought,1
marble,2
history,1
beautiful,1
shark,1
pony,1
phrase,1
offspring,1
information,1
rather,1
demolition,8
american,2
earnings,2
plant,18
gtfo,1
plans,1
variant,6
coming,1
susan,4
jihadist,1
dream,4
help,3
developed,1
soon,3
trade,1
held,2
unimog,7
scott,1
replies,5
hell,1
islam,2
style,4
wishful,1
actually,6
might,12
wrx,8
finer,3
fool,1
good,7
somebody,1
food,2
hackathon,7
communities,2
speculate,2
complain,1
bigger,2
always,2
die,1
found,7
week,1
everyone,2
england,1
weight,2
generation,3
hard,1
idea,1
gun,13
beyond,2
event,4
really,3
since,10
mulally,3
health,1
flame,1
caucasian,1
roofs,2
ios,1
geared,2
base,1
members,3
straightened,1
driven,3
acura,1
revival,3
audacity,1
threat,1
testament,1
feed,5
dont,1
number,3
instances,1
done,1
fiction,7
story,10
aveo,1
least,5
station,5
saltillo,1
part,1
believe,2
obama,3
king,2
kind,4
grey,2
toward,2
jsut,1
confirms,7
sell,3
built,4
shelby,7
cherokee,7
babyboomers,1
also,14
build,2
play,4
caliber,1
kag,1
electric,14
plan,5
significant,2
nothing,3
approved,7
salary,5
dealers,21
windows,3
veyron,1
drachen,1
find,7
copyright,2
idiots,1
pretty,3
columns,1
goes,1
meanwhile,2
religon,1
express,7
famous,2
theft,2
pellet,2
surfaced,3
common,1
crd,1
see,40
flamers,1
close,1
torquesteerhater,2
currently,1
please,13
slapped,7
pickup,2
toledo,22
probably,3
available,2
korea,23
recently,8
rover,8
pisses,1
incident,7
alters,5
last,9
license,1
became,1
retarded,1
whole,1
drunk,1
battery,7
recycling,1
church,7
expensive,7
belt,2
duh,1
worthless,1
nominee,1
create,7
political,2
strategy,4
xae,1
flight,9
assorted,1
fire,2
mind,2
gas,2
priced,7
fund,1
tweaked,3
stolen,8
look,2
replaced,1
akerson,24
dzhokhar,5
guide,7
pack,3
motors,7
triple,2
ready,1
rid,2
stye,1
payers,1
fairer,1
funny,1
italy,1
lengths,1
grand,5
arrives,7
islandia,2
negotiate,14
moment,2
walmart,1
arrived,3
purpose,1
unveil,1
forfeited,2
edgy,1
person,1
clears,7
entry,2
spend,1
ousting,1
world,17
cuv,2
retirement,2
workers,13
guaranteed,1
apr,16
kokomo,4
safelite,1
location,1
easter,2
perrysburg,1
surprised,4
doors,5
big,3
couple,1
game,2
bit,2
vests,2
shaped,1
systematically,1
toyota,8
continue,10
popular,2
stylish,3
spins,2
google,6
brakes,1
back,3
extremist,2
accelerate,1
crosstrek,7
modernize,4
hyundais,1
hatchbacks,1
run,3
anything,1
lustworthy,2
god,1
piled,2
range,8
repair,1
osamu,8
garbage,2
terrorists,1
within,1
integral,1
subaru,15
rolls,15
entitlement,1
spending,2
question,4
fast,1
occupy,1
suit,7
forward,1
immigration,1
boys,7
properly,1
getty,2
filed,8
line,3
posted,9
originals,1
planet,2
mobile,1
similar,4
called,2
soars,7
gunpoint,1
peace,1
department,1
nice,1
wmds,1
evar,1
helping,6
drag,7
vice,2
age,2
required,2
youtube,1
everywhere,7
jason,1
existing,1
intricate,7
wagener,4
detects,1
concerned,2
shanghai,7
mosque,1
young,1
send,1
suits,1
helps,1
hennessey,7
friendly,2
automotive,2
drinking,1
continued,7
wipe,1
transmission,14
michael,1
race,8
evs,7
trailhawk,1
demonstrations,1
jump,2
video,77
weblogsinc,7
twine,1
power,1
access,1
led,2
commercial,14
jointly,5
following,1
let,3
making,1
painfully,1
securing,1
larger,3
products,2
derby,8
residents,2
makes,5
firefox,1
spy,3
egypt,1
win,2
app,3
motor,14
tools,2
use,12
paukert,7
next,2
vehicle,4
sort,2
becomes,7
benchmark,1
lifestyle,1
vehcile,1
tunnel,7
ride,4
meet,1
proof,13
reserved,7
lock,1
benz,17
tax,2
high,2
something,4
chevrolet,7
permission,5
chry,1
gcp,1
ferdinand,1
afp,1
stock,6
watch,23
belongings,4
bombers,13
boeing,7
lines,1
improvised,2
minivan,4
martini,3
six,2
produces,2
ladies,1
including,5
looks,7
warren,1
anonymously,7
brood,3
located,1
criminal,2
wooootles,1
koreans,1
greater,1
auto,29
dan,7
practice,2
tattersall,1
front,2
day,2
february,1
countries,6
identified,2
bills,1
thwart,1
chung,1
related,6
society,1
tranny,2
measure,1
special,1
matt,8
sentiment,1
may,15
evacuation,4
supports,2
announced,8
spot,1
hyundai,10
completely,1
york,20
acker,1
steering,2
bowman,4
deprived,2
could,11
times,1
davis,8
strapping,1
south,19
powerful,1
scene,1
owned,1
hey,8
owner,6
quality,1
ancient,1
deceptive,2
privacy,1
festival,8
data,7
system,9
relations,2
attack,2
palestine,1
final,2
evacuated,2
haves,1
enforcement,2
bulldog,1
completed,1
exactly,1
july,1
completes,7
rss,5
compensation,4
steep,2
teenagers,2
unlikely,8
need,1
clearly,2
able,1
mid,3
mix,10
concerns,1
financials,2
grounding,7
korean,13
tsarnaev,11
agenda,1
eight,4
sedan,3
gallery,7
laurens,1
face,2
mechanical,1
ensued,2
fact,2
text,1
supported,1
anyway,1
visualized,7
bring,2
parked,2
pleased,1
partners,7
envy,1
based,1
unfinished,1
cache,1
operational,2
bombings,8
tape,1
fuel,5
dreamliner,7
communist,3
jae,1
local,3
hope,1
meant,1
overall,1
autos,8
ones,1
aforementioned,1
tbd,8
spammers,1
course,1
calling,2
mercedes,58
ohio,2
autoblog,34
futuristic,1
view,2
europe,1
evoque,8
exists,1
national,1
bastardize,1
operated,5
drivin,1
closer,2
biofuel,7
attempting,1
nuclear,1
posse,2
state,1
closed,1
progress,7
email,8
bought,2
ends,7
explosive,2
helicopters,1
however,2
job,1
police,23
weary,1
commenting,1
diligent,2
taking,5
minds,1
followup,8
etc,2
bachmann,1
interesting,1
glorious,2
otherwise,2
comment,18
unclear,2
wtf,1
gone,1
tuesday,1
laugh,1
tread,2
addition,2
liberals,2
agreements,1
hmm,1
finished,6
present,1
homes,1
laser,1
dodge,18
pending,7
dad,7
almost,1
site,1
arabia,1
terrorist,1
generic,1
began,1
cross,1
film,1
units,6
party,1
android,1
gets,17
http,8
upon,2
whale,1
steals,7
well,9
thought,5
supercharged,7
position,1
latest,11
arming,2
less,1
proximity,1
executive,5
skill,1
point,2
sky,2
capabilities,1
realize,3
goodwood,1
attractive,1
government,9
five,1
know,8
press,4
immediately,2
racists,1
necessary,2
like,44
martin,7
works,4
replacement,1
amendment,1
hair,1
home,2
est,8
pinpoint,1
esp,1
avoid,7
passion,1
forbid,1
debuts,7
locate,1
noise,2
murdered,1
speeders,2
although,1
stage,2
actual,2
getting,19
column,1
universe,1
angeles,8
introduced,4
executives,1
previously,2
commitment,1
van,1
additional,2
awarded,2
function,1
buy,2
north,15
brand,1
made,3
wise,1
converter,1
whether,1
official,1
signed,1
placed,2
minutes,9
penny,1
scumbags,1
ind,5
shooting,29
inc,7
rumors,3
packs,7
percent,2
details,3
junk,1
june,2
chance,2
kinda,1
tailgate,1
ghost,15
carjacked,2
rule,1
compete,8
paired,1
