,0,1,2
0,The Shawshank Redemption,/title/tt0111161/?ref_=adv_li_tt,(1994)
1,The Dark Knight,/title/tt0468569/?ref_=adv_li_tt,(2008)
2,Inception,/title/tt1375666/?ref_=adv_li_tt,(2010)
3,Fight Club,/title/tt0137523/?ref_=adv_li_tt,(1999)
4,Pulp Fiction,/title/tt0110912/?ref_=adv_li_tt,(1994)
5,Forrest Gump,/title/tt0109830/?ref_=adv_li_tt,(1994)
6,The Lord of the Rings: The Fellowship of the Ring,/title/tt0120737/?ref_=adv_li_tt,(2001)
7,The Matrix,/title/tt0133093/?ref_=adv_li_tt,(1999)
8,The Lord of the Rings: The Return of the King,/title/tt0167260/?ref_=adv_li_tt,(2003)
9,The Godfather,/title/tt0068646/?ref_=adv_li_tt,(1972)
10,The Dark Knight Rises,/title/tt1345836/?ref_=adv_li_tt,(2012)
11,The Lord of the Rings: The Two Towers,/title/tt0167261/?ref_=adv_li_tt,(2002)
12,Se7en,/title/tt0114369/?ref_=adv_li_tt,(1995)
13,Gladiator,/title/tt0172495/?ref_=adv_li_tt,(2000)
14,Batman Begins,/title/tt0372784/?ref_=adv_li_tt,(2005)
15,Django Unchained,/title/tt1853728/?ref_=adv_li_tt,(2012)
16,The Avengers,/title/tt0848228/?ref_=adv_li_tt,(2012)
17,Star Wars: Episode IV - A New Hope,/title/tt0076759/?ref_=adv_li_tt,(1977)
18,The Silence of the Lambs,/title/tt0102926/?ref_=adv_li_tt,(1991)
19,Inglourious Basterds,/title/tt0361748/?ref_=adv_li_tt,(2009)
20,Saving Private Ryan,/title/tt0120815/?ref_=adv_li_tt,(1998)
21,The Departed,/title/tt0407887/?ref_=adv_li_tt,(2006)
22,Schindler's List,/title/tt0108052/?ref_=adv_li_tt,(1993)
23,Avatar,/title/tt0499549/?ref_=adv_li_tt,(2009)
24,The Prestige,/title/tt0482571/?ref_=adv_li_tt,(2006)
25,Star Wars: Episode V - The Empire Strikes Back,/title/tt0080684/?ref_=adv_li_tt,(1980)
26,Memento,/title/tt0209144/?ref_=adv_li_tt,(2000)
27,American Beauty,/title/tt0169547/?ref_=adv_li_tt,(1999)
28,Pirates of the Caribbean: The Curse of the Black Pearl,/title/tt0325980/?ref_=adv_li_tt,(2003)
29,Shutter Island,/title/tt1130884/?ref_=adv_li_tt,(2010)
30,The Green Mile,/title/tt0120689/?ref_=adv_li_tt,(1999)
31,The Godfather: Part II,/title/tt0071562/?ref_=adv_li_tt,(1974)
32,V for Vendetta,/title/tt0434409/?ref_=adv_li_tt,(2005)
33,Titanic,/title/tt0120338/?ref_=adv_li_tt,(1997)
34,American History X,/title/tt0120586/?ref_=adv_li_tt,(1998)
35,Back to the Future,/title/tt0088763/?ref_=adv_li_tt,(1985)
36,The Usual Suspects,/title/tt0114814/?ref_=adv_li_tt,(1995)
37,Terminator 2: Judgment Day,/title/tt0103064/?ref_=adv_li_tt,(1991)
38,Braveheart,/title/tt0112573/?ref_=adv_li_tt,(1995)
39,Kill Bill: Vol. 1,/title/tt0266697/?ref_=adv_li_tt,(2003)
40,Léon: The Professional,/title/tt0110413/?ref_=adv_li_tt,(1994)
41,Goodfellas,/title/tt0099685/?ref_=adv_li_tt,(1990)
42,WALL·E,/title/tt0910970/?ref_=adv_li_tt,(2008)
43,Finding Nemo,/title/tt0266543/?ref_=adv_li_tt,(2003)
44,The Sixth Sense,/title/tt0167404/?ref_=adv_li_tt,(1999)
45,Star Wars: Episode VI - Return of the Jedi,/title/tt0086190/?ref_=adv_li_tt,(1983)
46,Iron Man,/title/tt0371746/?ref_=adv_li_tt,(2008)
47,The Hunger Games,/title/tt1392170/?ref_=adv_li_tt,(2012)
48,One Flew Over the Cuckoo's Nest,/title/tt0073486/?ref_=adv_li_tt,(1975)
49,Up,/title/tt1049413/?ref_=adv_li_tt,(2009)
50,The Truman Show,/title/tt0120382/?ref_=adv_li_tt,(1998)
51,Eternal Sunshine of the Spotless Mind,/title/tt0338013/?ref_=adv_li_tt,(2004)
52,Reservoir Dogs,/title/tt0105236/?ref_=adv_li_tt,(1992)
53,Raiders of the Lost Ark,/title/tt0082971/?ref_=adv_li_tt,(1981)
54,The Lion King,/title/tt0110357/?ref_=adv_li_tt,(1994)
55,Toy Story,/title/tt0114709/?ref_=adv_li_tt,(1995)
56,Sin City,/title/tt0401792/?ref_=adv_li_tt,(2005)
57,Slumdog Millionaire,/title/tt1010048/?ref_=adv_li_tt,(2008)
58,Jurassic Park,/title/tt0107290/?ref_=adv_li_tt,(1993)
59,A Beautiful Mind,/title/tt0268978/?ref_=adv_li_tt,(2001)
60,The Hobbit: An Unexpected Journey,/title/tt0903624/?ref_=adv_li_tt,(2012)
61,The Shining,/title/tt0081505/?ref_=adv_li_tt,(1980)
62,No Country for Old Men,/title/tt0477348/?ref_=adv_li_tt,(2007)
63,Good Will Hunting,/title/tt0119217/?ref_=adv_li_tt,(1997)
64,The Terminator,/title/tt0088247/?ref_=adv_li_tt,(1984)
65,Snatch,/title/tt0208092/?ref_=adv_li_tt,(2000)
66,"Monsters, Inc.",/title/tt0198781/?ref_=adv_li_tt,(2001)
67,300,/title/tt0416449/?ref_=adv_li_tt,(2006)
68,Die Hard,/title/tt0095016/?ref_=adv_li_tt,(1988)
69,Donnie Darko,/title/tt0246578/?ref_=adv_li_tt,(2001)
70,Alien,/title/tt0078748/?ref_=adv_li_tt,(1979)
71,Requiem for a Dream,/title/tt0180093/?ref_=adv_li_tt,(2000)
72,The Hangover,/title/tt1119646/?ref_=adv_li_tt,(2009)
73,A Clockwork Orange,/title/tt0066921/?ref_=adv_li_tt,(1971)
74,Catch Me If You Can,/title/tt0264464/?ref_=adv_li_tt,(2002)
75,Gran Torino,/title/tt1205489/?ref_=adv_li_tt,(2008)
76,Harry Potter and the Deathly Hallows: Part 2,/title/tt1201607/?ref_=adv_li_tt,(2011)
77,Toy Story 3,/title/tt0435761/?ref_=adv_li_tt,(2010)
78,Black Swan,/title/tt0947798/?ref_=adv_li_tt,(2010)
79,The Big Lebowski,/title/tt0118715/?ref_=adv_li_tt,(1998)
80,Scarface,/title/tt0086250/?ref_=adv_li_tt,(1983)
81,Spider-Man,/title/tt0145487/?ref_=adv_li_tt,(2002)
82,Amélie,/title/tt0211915/?ref_=adv_li_tt,(2001)
83,Thor,/title/tt0800369/?ref_=adv_li_tt,(2011)
84,Star Wars: Episode I - The Phantom Menace,/title/tt0120915/?ref_=adv_li_tt,(1999)
85,City of God,/title/tt0317248/?ref_=adv_li_tt,(2002)
86,I Am Legend,/title/tt0480249/?ref_=adv_li_tt,(2007)
87,The Intouchables,/title/tt1675434/?ref_=adv_li_tt,(2011)
88,Silver Linings Playbook,/title/tt1045658/?ref_=adv_li_tt,(2012)
89,Iron Man 2,/title/tt1228705/?ref_=adv_li_tt,(2010)
90,Star Wars: Episode III - Revenge of the Sith,/title/tt0121766/?ref_=adv_li_tt,(2005)
91,Pirates of the Caribbean: Dead Man's Chest,/title/tt0383574/?ref_=adv_li_tt,(2006)
92,District 9,/title/tt1136608/?ref_=adv_li_tt,(2009)
93,Indiana Jones and the Last Crusade,/title/tt0097576/?ref_=adv_li_tt,(1989)
94,Captain America: The First Avenger,/title/tt0458339/?ref_=adv_li_tt,(2011)
95,Taxi Driver,/title/tt0075314/?ref_=adv_li_tt,(1976)
96,X: First Class,/title/tt1270798/?ref_=adv_li_tt,(2011)
97,The Pianist,/title/tt0253474/?ref_=adv_li_tt,(2002)
98,Skyfall,/title/tt1074638/?ref_=adv_li_tt,(2012)
99,Kill Bill: Vol. 2,/title/tt0378194/?ref_=adv_li_tt,(2004)
100,"The Good, the Bad and the Ugly",/title/tt0060196/?ref_=adv_li_tt,(1966)
101,The King's Speech,/title/tt1504320/?ref_=adv_li_tt,(2010)
102,Transformers,/title/tt0418279/?ref_=adv_li_tt,(2007)
103,Aliens,/title/tt0090605/?ref_=adv_li_tt,(1986)
104,How to Train Your Dragon,/title/tt0892769/?ref_=adv_li_tt,(2010)
105,Full Metal Jacket,/title/tt0093058/?ref_=adv_li_tt,(1987)
106,The Bourne Ultimatum,/title/tt0440963/?ref_=adv_li_tt,(2007)
107,Star Trek,/title/tt0796366/?ref_=adv_li_tt,(2009)
108,Trainspotting,/title/tt0117951/?ref_=adv_li_tt,(1996)
109,Million Dollar Baby,/title/tt0405159/?ref_=adv_li_tt,(2004)
110,The Social Network,/title/tt1285016/?ref_=adv_li_tt,(2010)
111,The Incredibles,/title/tt0317705/?ref_=adv_li_tt,(2004)
112,Ratatouille,/title/tt0382932/?ref_=adv_li_tt,(2007)
113,Pirates of the Caribbean: At World's End,/title/tt0449088/?ref_=adv_li_tt,(2007)
114,Sherlock Holmes,/title/tt0988045/?ref_=adv_li_tt,(2009)
115,Pan's Labyrinth,/title/tt0457430/?ref_=adv_li_tt,(2006)
116,Star Wars: Episode II - Attack of the Clones,/title/tt0121765/?ref_=adv_li_tt,(2002)
117,Blade Runner,/title/tt0083658/?ref_=adv_li_tt,(1982)
118,Taken,/title/tt0936501/?ref_=adv_li_tt,(I) (2008)
119,12 Angry Men,/title/tt0050083/?ref_=adv_li_tt,(1957)
120,Shrek,/title/tt0126029/?ref_=adv_li_tt,(2001)
121,Casino Royale,/title/tt0381061/?ref_=adv_li_tt,(2006)
122,Ted,/title/tt1637725/?ref_=adv_li_tt,(2012)
123,Prometheus,/title/tt1446714/?ref_=adv_li_tt,(I) (2012)
124,Fargo,/title/tt0116282/?ref_=adv_li_tt,(1996)
125,Twelve Monkeys,/title/tt0114746/?ref_=adv_li_tt,(1995)
126,Harry Potter and the Sorcerer's Stone,/title/tt0241527/?ref_=adv_li_tt,(2001)
127,The Curious Case of Benjamin Button,/title/tt0421715/?ref_=adv_li_tt,(2008)
128,X-Men,/title/tt0120903/?ref_=adv_li_tt,(2000)
129,Argo,/title/tt1024648/?ref_=adv_li_tt,(2012)
130,Apocalypse Now,/title/tt0078788/?ref_=adv_li_tt,(1979)
131,The Amazing Spider-Man,/title/tt0948470/?ref_=adv_li_tt,(2012)
132,Groundhog Day,/title/tt0107048/?ref_=adv_li_tt,(1993)
133,Life of Pi,/title/tt0454876/?ref_=adv_li_tt,(2012)
134,Spirited Away,/title/tt0245429/?ref_=adv_li_tt,(2001)
135,Life Is Beautiful,/title/tt0118799/?ref_=adv_li_tt,(1997)
136,2001: A Space Odyssey,/title/tt0062622/?ref_=adv_li_tt,(1968)
137,Drive,/title/tt0780504/?ref_=adv_li_tt,(I) (2011)
138,Into the Wild,/title/tt0758758/?ref_=adv_li_tt,(2007)
139,Heat,/title/tt0113277/?ref_=adv_li_tt,(1995)
140,Psycho,/title/tt0054215/?ref_=adv_li_tt,(1960)
141,Kick-Ass,/title/tt1250777/?ref_=adv_li_tt,(2010)
142,Looper,/title/tt1276104/?ref_=adv_li_tt,(2012)
143,Independence Day,/title/tt0116629/?ref_=adv_li_tt,(1996)
144,Jaws,/title/tt0073195/?ref_=adv_li_tt,(1975)
145,Limitless,/title/tt1219289/?ref_=adv_li_tt,(I) (2011)
146,Spider-Man 2,/title/tt0316654/?ref_=adv_li_tt,(2004)
147,Superbad,/title/tt0829482/?ref_=adv_li_tt,(2007)
148,"Lock, Stock and Two Smoking Barrels",/title/tt0120735/?ref_=adv_li_tt,(1998)
149,L.A. Confidential,/title/tt0119488/?ref_=adv_li_tt,(1997)
150,The Matrix Reloaded,/title/tt0234215/?ref_=adv_li_tt,(2003)
151,The Bourne Identity,/title/tt0258463/?ref_=adv_li_tt,(2002)
152,21 Jump Street,/title/tt1232829/?ref_=adv_li_tt,(2012)
153,X2,/title/tt0290334/?ref_=adv_li_tt,(2003)
154,Juno,/title/tt0467406/?ref_=adv_li_tt,(2007)
155,Rise of the Planet of the Apes,/title/tt1318514/?ref_=adv_li_tt,(2011)
156,Men in Black,/title/tt0119654/?ref_=adv_li_tt,(1997)
157,Ocean's Eleven,/title/tt0240772/?ref_=adv_li_tt,(2001)
158,Harry Potter and the Chamber of Secrets,/title/tt0295297/?ref_=adv_li_tt,(2002)
159,The Notebook,/title/tt0332280/?ref_=adv_li_tt,(2004)
160,Minority Report,/title/tt0181689/?ref_=adv_li_tt,(2002)
161,Blood Diamond,/title/tt0450259/?ref_=adv_li_tt,(2006)
162,Cast Away,/title/tt0162222/?ref_=adv_li_tt,(2000)
163,Harry Potter and the Goblet of Fire,/title/tt0330373/?ref_=adv_li_tt,(2005)
164,Shaun of the Dead,/title/tt0365748/?ref_=adv_li_tt,(2004)
165,Harry Potter and the Prisoner of Azkaban,/title/tt0304141/?ref_=adv_li_tt,(2004)
166,"I, Robot",/title/tt0343818/?ref_=adv_li_tt,(2004)
167,Despicable Me,/title/tt1323594/?ref_=adv_li_tt,(2010)
168,Toy Story 2,/title/tt0120363/?ref_=adv_li_tt,(1999)
169,Zombieland,/title/tt1156398/?ref_=adv_li_tt,(2009)
170,Watchmen,/title/tt0409459/?ref_=adv_li_tt,(2009)
171,Rocky,/title/tt0075148/?ref_=adv_li_tt,(1976)
172,Spider-Man 3,/title/tt0413300/?ref_=adv_li_tt,(2007)
173,X-Men: The Last Stand,/title/tt0376994/?ref_=adv_li_tt,(2006)
174,Monty Python and the Holy Grail,/title/tt0071853/?ref_=adv_li_tt,(1975)
175,Source Code,/title/tt0945513/?ref_=adv_li_tt,(2011)
176,Troy,/title/tt0332452/?ref_=adv_li_tt,(2004)
177,There Will Be Blood,/title/tt0469494/?ref_=adv_li_tt,(2007)
178,Rain Man,/title/tt0095953/?ref_=adv_li_tt,(1988)
179,Pirates of the Caribbean: On Stranger Tides,/title/tt1298650/?ref_=adv_li_tt,(2011)
180,(500) Days of Summer,/title/tt1022603/?ref_=adv_li_tt,(2009)
181,"Crazy, Stupid, Love.",/title/tt1570728/?ref_=adv_li_tt,(2011)
182,The Hangover Part II,/title/tt1411697/?ref_=adv_li_tt,(2011)
183,Oldeuboi,/title/tt0364569/?ref_=adv_li_tt,(2003)
184,X-Men Origins: Wolverine,/title/tt0458525/?ref_=adv_li_tt,(2009)
185,Harry Potter and the Order of the Phoenix,/title/tt0373889/?ref_=adv_li_tt,(2007)
186,Children of Men,/title/tt0206634/?ref_=adv_li_tt,(2006)
187,American Psycho,/title/tt0144084/?ref_=adv_li_tt,(2000)
188,Mission: Impossible - Ghost Protocol,/title/tt1229238/?ref_=adv_li_tt,(2011)
189,The Matrix Revolutions,/title/tt0242653/?ref_=adv_li_tt,(2003)
190,The Butterfly Effect,/title/tt0289879/?ref_=adv_li_tt,(2004)
191,The Perks of Being a Wallflower,/title/tt1659337/?ref_=adv_li_tt,(2012)
192,Hot Fuzz,/title/tt0425112/?ref_=adv_li_tt,(2007)
193,Edward Scissorhands,/title/tt0099487/?ref_=adv_li_tt,(1990)
194,Little Miss Sunshine,/title/tt0449059/?ref_=adv_li_tt,(2006)
195,The Bourne Supremacy,/title/tt0372183/?ref_=adv_li_tt,(2004)
196,Crash,/title/tt0375679/?ref_=adv_li_tt,(I) (2004)
197,Mr. & Mrs. Smith,/title/tt0356910/?ref_=adv_li_tt,(2005)
198,Back to the Future Part II,/title/tt0096874/?ref_=adv_li_tt,(1989)
199,Horrible Bosses,/title/tt1499658/?ref_=adv_li_tt,(2011)
