Pride and Prejudice,Jane Austen," 4.24 avg rating _яс 2,212,792 ratings","score: 32,776",/book/show/1885.Pride_and_Prejudice
"Outlander (Outlander, #1)",Diana Gabaldon," 4.21 avg rating _яс 585,645 ratings","score: 21,710",/book/show/10964.Outlander
Jane Eyre,Charlotte Brontу┴," 4.10 avg rating _яс 1,290,587 ratings","score: 15,893",/book/show/10210.Jane_Eyre
Gone with the Wind,Margaret Mitchell," 4.28 avg rating _яс 902,685 ratings","score: 10,438",/book/show/18405.Gone_with_the_Wind
Sense and Sensibility,Jane Austen," 4.06 avg rating _яс 781,866 ratings","score: 10,240",/book/show/14935.Sense_and_Sensibility
"The Notebook (The Notebook, #1)",Nicholas Sparks," 4.07 avg rating _яс 1,081,127 ratings","score: 7,598",/book/show/15931.The_Notebook
"Dragonfly in Amber (Outlander, #2)",Diana Gabaldon," 4.31 avg rating _яс 212,681 ratings","score: 7,283",/book/show/5364.Dragonfly_in_Amber
"Voyager (Outlander, #3)",Diana Gabaldon," 4.38 avg rating _яс 186,657 ratings","score: 7,138",/book/show/10987.Voyager
"Whitney, My Love (Westmoreland, #2)",Judith McNaught," 4.19 avg rating _яс 25,114 ratings","score: 6,687",/book/show/350684.Whitney_My_Love
"A Kingdom of Dreams (Westmoreland, #1)",Judith McNaught," 4.25 avg rating _яс 36,358 ratings","score: 6,212",/book/show/129619.A_Kingdom_of_Dreams
Persuasion,Jane Austen," 4.13 avg rating _яс 405,721 ratings","score: 6,142",/book/show/2156.Persuasion
After Forever Ends,Melodie Ramone," 4.05 avg rating _яс 1,344 ratings","score: 5,988",/book/show/16046121-after-forever-ends
"Almost Heaven (Sequels, #3)",Judith McNaught," 4.33 avg rating _яс 21,518 ratings","score: 5,556",/book/show/129621.Almost_Heaven
A Knight in Shining Armor,Jude Deveraux," 4.23 avg rating _яс 29,189 ratings","score: 5,306",/book/show/73385.A_Knight_in_Shining_Armor
"Lord of Scoundrels (Scoundrels, #3)",Loretta Chase," 4.12 avg rating _яс 22,280 ratings","score: 5,003",/book/show/425377.Lord_of_Scoundrels
"Paradise (Second Opportunities, #1)",Judith McNaught," 4.32 avg rating _яс 25,756 ratings","score: 4,761",/book/show/16006.Paradise
"The Bride (Lairds' Fiancу╘es, #1)",Julie Garwood," 4.26 avg rating _яс 44,840 ratings","score: 4,705",/book/show/107779.The_Bride
The Princess Bride,William Goldman," 4.25 avg rating _яс 659,725 ratings","score: 4,241",/book/show/21787.The_Princess_Bride
"Nobody's Baby But Mine (Chicago Stars, #3)",Susan Elizabeth Phillips," 4.06 avg rating _яс 29,097 ratings","score: 3,992",/book/show/73080.Nobody_s_Baby_But_Mine
Flowers from the Storm,Laura Kinsale," 4.10 avg rating _яс 10,763 ratings","score: 3,912",/book/show/360259.Flowers_from_the_Storm
"Devil in Winter (Wallflowers, #3)",Lisa Kleypas," 4.26 avg rating _яс 42,341 ratings","score: 3,692",/book/show/114166.Devil_in_Winter
"Lover Awakened (Black Dagger Brotherhood, #3)",J.R. Ward," 4.45 avg rating _яс 143,291 ratings","score: 3,489",/book/show/42900.Lover_Awakened
"Once and Always (Sequels, #1)",Judith McNaught," 4.21 avg rating _яс 19,731 ratings","score: 3,483",/book/show/129620.Once_and_Always
The Secret (Highlands' Lairds #1),Julie Garwood," 4.26 avg rating _яс 34,985 ratings","score: 3,423",/book/show/107770.The_Secret
Kiss an Angel,Susan Elizabeth Phillips," 4.21 avg rating _яс 35,722 ratings","score: 3,382",/book/show/73086.Kiss_an_Angel
"Dreaming of You (The Gamblers, #2)",Lisa Kleypas," 4.21 avg rating _яс 26,606 ratings","score: 3,129",/book/show/330721.Dreaming_of_You
"The Bronze Horseman (The Bronze Horseman, #1)",Paullina Simons," 4.33 avg rating _яс 49,057 ratings","score: 3,027",/book/show/83144.The_Bronze_Horseman
Honor's Splendour,Julie Garwood," 4.22 avg rating _яс 23,607 ratings","score: 3,026",/book/show/107774.Honor_s_Splendour
"Lover Eternal (Black Dagger Brotherhood, #2)",J.R. Ward," 4.35 avg rating _яс 147,229 ratings","score: 2,941",/book/show/35729.Lover_Eternal
"The Duke and I (Bridgertons, #1)",Julia Quinn," 4.11 avg rating _яс 62,508 ratings","score: 2,936",/book/show/110391.The_Duke_and_I
"Perfect (Second Opportunities, #2)",Judith McNaught," 4.30 avg rating _яс 19,640 ratings","score: 2,903",/book/show/129617.Perfect
"It Had to Be You (Chicago Stars, #1)",Susan Elizabeth Phillips," 4.04 avg rating _яс 49,883 ratings","score: 2,827",/book/show/73070.It_Had_to_Be_You
"Until You (Westmoreland, #3)",Judith McNaught," 4.12 avg rating _яс 16,044 ratings","score: 2,729",/book/show/740683.Until_You
"Romancing Mister Bridgerton (Bridgertons, #4)",Julia Quinn," 4.19 avg rating _яс 34,994 ratings","score: 2,610",/book/show/110384.Romancing_Mister_Bridgerton
"The Madness of Lord Ian Mackenzie (Mackenzies & McBrides, #1)",Jennifer Ashley," 4.07 avg rating _яс 22,333 ratings","score: 2,610",/book/show/5981872-the-madness-of-lord-ian-mackenzie
The Flame and the Flower,Kathleen E. Woodiwiss," 4.09 avg rating _яс 13,984 ratings","score: 2,545",/book/show/896623.The_Flame_and_the_Flower
Shanna,Kathleen E. Woodiwiss," 4.11 avg rating _яс 8,815 ratings","score: 2,407",/book/show/896621.Shanna
Frederica,Georgette Heyer," 4.15 avg rating _яс 14,029 ratings","score: 2,350",/book/show/311196.Frederica
Rebecca,Daphne du Maurier," 4.21 avg rating _яс 332,263 ratings","score: 2,271",/book/show/17899948-rebecca
"Married By Morning (The Hathaways, #4)",Lisa Kleypas," 4.14 avg rating _яс 24,844 ratings","score: 2,264",/book/show/7198269-married-by-morning
Dream Man,Linda Howard," 4.04 avg rating _яс 15,499 ratings","score: 2,231",/book/show/72623.Dream_Man
"Dream a Little Dream (Chicago Stars, #4)",Susan Elizabeth Phillips," 4.18 avg rating _яс 26,021 ratings","score: 2,219",/book/show/73095.Dream_a_Little_Dream
The Wolf and the Dove,Kathleen E. Woodiwiss," 4.14 avg rating _яс 15,174 ratings","score: 2,183",/book/show/896622.The_Wolf_and_the_Dove
The Prize,Julie Garwood," 4.22 avg rating _яс 22,713 ratings","score: 2,103",/book/show/107772.The_Prize
The Grand Sophy,Georgette Heyer," 4.16 avg rating _яс 19,039 ratings","score: 2,094",/book/show/261689.The_Grand_Sophy
"Mackenzie's Mountain (Mackenzie Family, #1)",Linda Howard," 4.19 avg rating _яс 13,240 ratings","score: 2,080",/book/show/662323.Mackenzie_s_Mountain
"Ransom (Highlands' Lairds, #2)",Julie Garwood," 4.33 avg rating _яс 24,517 ratings","score: 1,996",/book/show/107776.Ransom
Saving Grace,Julie Garwood," 4.25 avg rating _яс 20,639 ratings","score: 1,983",/book/show/133241.Saving_Grace
Venetia,Georgette Heyer," 4.07 avg rating _яс 10,500 ratings","score: 1,978",/book/show/32102.Venetia
A Rose in Winter,Kathleen E. Woodiwiss," 4.15 avg rating _яс 8,594 ratings","score: 1,951",/book/show/896625.A_Rose_in_Winter
"It Happened One Autumn (Wallflowers, #2)",Lisa Kleypas," 4.15 avg rating _яс 34,118 ratings","score: 1,879",/book/show/827412.It_Happened_One_Autumn
The Count of Monte Cristo,Alexandre Dumas," 4.22 avg rating _яс 605,009 ratings","score: 1,851",/book/show/7126.The_Count_of_Monte_Cristo
"Devil's Cub (Alastair, #2)",Georgette Heyer," 4.19 avg rating _яс 10,459 ratings","score: 1,846",/book/show/311308.Devil_s_Cub
"Love in the Afternoon (The Hathaways, #5)",Lisa Kleypas," 4.20 avg rating _яс 27,103 ratings","score: 1,831",/book/show/7491418-love-in-the-afternoon
"The Viscount Who Loved Me (Bridgertons, #2)",Julia Quinn," 4.19 avg rating _яс 39,099 ratings","score: 1,826",/book/show/861326.The_Viscount_Who_Loved_Me
Amatore's Restaurant,James Sillwood, 4.28 avg rating _яс 76 ratings,"score: 1,780",/book/show/22820335-amatore-s-restaurant
"Anne of Green Gables (Anne of Green Gables, #1)",L.M. Montgomery," 4.23 avg rating _яс 537,442 ratings","score: 1,696",/book/show/8127.Anne_of_Green_Gables
"Anna and the French Kiss (Anna and the French Kiss, #1)",Stephanie Perkins," 4.07 avg rating _яс 288,433 ratings","score: 1,681",/book/show/6936382-anna-and-the-french-kiss
"Gabriel's Inferno (Gabriel's Inferno, #1)",Sylvain Reynard," 4.02 avg rating _яс 128,389 ratings","score: 1,628",/book/show/11175681-gabriel-s-inferno
"Seduce Me at Sunrise (The Hathaways, #2)",Lisa Kleypas," 4.10 avg rating _яс 24,172 ratings","score: 1,612",/book/show/2948832-seduce-me-at-sunrise
After the Night,Linda Howard," 4.10 avg rating _яс 18,785 ratings","score: 1,529",/book/show/420739.After_the_Night
"Born in Ice (Born In Trilogy, #2)",Nora Roberts," 4.13 avg rating _яс 28,055 ratings","score: 1,515",/book/show/114129.Born_in_Ice
"The Rake (Davenport, #2)",Mary Jo  Putney," 4.05 avg rating _яс 5,804 ratings","score: 1,497",/book/show/614718.The_Rake
Secret Deceptions (Amatore's Restaurant #1),James Sillwood, 4.49 avg rating _яс 39 ratings,"score: 1,494",/book/show/25001951-secret-deceptions
"Born in Fire (Born In Trilogy, #1)",Nora Roberts," 4.21 avg rating _яс 59,592 ratings","score: 1,490",/book/show/114145.Born_in_Fire
"Again the Magic (Wallflowers, #0)",Lisa Kleypas," 4.05 avg rating _яс 26,606 ratings","score: 1,452",/book/show/674220.Again_the_Magic
"Sea Swept (Chesapeake Bay Saga, #1)",Nora Roberts," 4.24 avg rating _яс 50,397 ratings","score: 1,431",/book/show/628139.Sea_Swept
The Pillars of the Earth,Ken Follett," 4.29 avg rating _яс 499,838 ratings","score: 1,398",/book/show/997354.The_Pillars_of_the_Earth
"After the Fall (Roman Time Travel, #2)",Morgan O'Neill, 4.12 avg rating _яс 188 ratings,"score: 1,386",/book/show/15776243-after-the-fall
"Devil's Bride (Cynster, #1)",Stephanie Laurens," 4.10 avg rating _яс 14,933 ratings","score: 1,331",/book/show/363499.Devil_s_Bride
"Then Came You (The Gamblers, #1)",Lisa Kleypas," 3.99 avg rating _яс 18,516 ratings","score: 1,330",/book/show/114170.Then_Came_You
"The Raven Prince (Princes Trilogy, #1)",Elizabeth Hoyt," 3.98 avg rating _яс 15,178 ratings","score: 1,328",/book/show/28863.The_Raven_Prince
A Queen's Spy: The Tudor Mystery Trials,Samantha Burnell, 4.19 avg rating _яс 53 ratings,"score: 1,300",/book/show/34941821-a-queen-s-spy
"See Jane Score (Chinooks Hockey Team, #2)",Rachel Gibson," 4.06 avg rating _яс 21,915 ratings","score: 1,252",/book/show/60223.See_Jane_Score
A Walk to Remember,Nicholas Sparks," 4.15 avg rating _яс 560,677 ratings","score: 1,224",/book/show/3473.A_Walk_to_Remember
Morning Glory,LaVyrle Spencer," 4.24 avg rating _яс 9,633 ratings","score: 1,209",/book/show/987577.Morning_Glory
"Scandal in Spring (Wallflowers, #4)",Lisa Kleypas," 4.02 avg rating _яс 27,875 ratings","score: 1,169",/book/show/105574.Scandal_in_Spring
"Rising Tides (Chesapeake Bay Saga, #2)",Nora Roberts," 4.16 avg rating _яс 25,484 ratings","score: 1,101",/book/show/534733.Rising_Tides
Reckless Endangerment,Amber Lea Easton, 4.06 avg rating _яс 263 ratings,"score: 1,095",/book/show/17796115-reckless-endangerment
Redeeming Love,Francine Rivers," 4.49 avg rating _яс 164,334 ratings","score: 1,079",/book/show/950839.Redeeming_Love
North and South,Elizabeth Gaskell," 4.13 avg rating _яс 107,452 ratings",score: 935,/book/show/14800526-north-and-south
Practice Makes Perfect,Julie James," 3.99 avg rating _яс 25,100 ratings",score: 927,/book/show/5082599-practice-makes-perfect
"Easy (Contours of the Heart, #1)",Tammara Webber," 4.11 avg rating _яс 190,872 ratings",score: 902,/book/show/13548456-easy
"Return to Me (Roman Time Travel, #3)",Morgan O'Neill, 4.15 avg rating _яс 130 ratings,score: 879,/book/show/16114561-return-to-me
Ravished,Amanda Quick," 4.01 avg rating _яс 13,408 ratings",score: 864,/book/show/367689.Ravished
"A Summer to Remember (Bedwyn Prequels, #2)",Mary Balogh," 4.07 avg rating _яс 7,711 ratings",score: 819,/book/show/35334.A_Summer_to_Remember
"The Magic of You (Malory-Anderson Family, #4)",Johanna Lindsey," 4.17 avg rating _яс 11,728 ratings",score: 819,/book/show/350710.The_Magic_of_You
"When He was Wicked (Bridgertons, #6)",Julia Quinn," 4.03 avg rating _яс 26,181 ratings",score: 811,/book/show/110396.When_He_was_Wicked
"The Lion's Lady (Crown's Spies, #1)",Julie Garwood," 4.16 avg rating _яс 17,271 ratings",score: 783,/book/show/107783.The_Lion_s_Lady
"Naked in Death (In Death, #1)",J.D. Robb," 4.13 avg rating _яс 128,546 ratings",score: 777,/book/show/268602.Naked_in_Death
"Kiss of the Highlander (Highlander, #4)",Karen Marie Moning," 4.31 avg rating _яс 35,008 ratings",score: 735,/book/show/112754.Kiss_of_the_Highlander
"Anne's House of Dreams (Anne of Green Gables, #5)",L.M. Montgomery," 4.12 avg rating _яс 62,020 ratings",score: 702,/book/show/77394.Anne_s_House_of_Dreams
Angles - Part I,Erin Lockwood, 4.45 avg rating _яс 31 ratings,score: 700,/book/show/31818553-angles---part-i
"Drums of Autumn (Outlander, #4)",Diana Gabaldon," 4.34 avg rating _яс 147,290 ratings",score: 698,/book/show/10988.Drums_of_Autumn
"Dark Lover (Black Dagger Brotherhood, #1)",J.R. Ward," 4.21 avg rating _яс 240,273 ratings",score: 696,/book/show/42899.Dark_Lover
Riptide,Amber Lea Easton, 4.02 avg rating _яс 221 ratings,score: 688,/book/show/15849310-riptide
"On the Island (On the Island, #1)",Tracey Garvis-Graves," 4.13 avg rating _яс 64,971 ratings",score: 670,/book/show/15505346-on-the-island
Eleanor & Park,Rainbow Rowell," 4.11 avg rating _яс 588,708 ratings",score: 638,/book/show/15745753-eleanor-park
"Mackenzie's Mission (Mackenzie Family, #2)",Linda Howard," 4.08 avg rating _яс 6,060 ratings",score: 633,/book/show/420744.Mackenzie_s_Mission
Fires of Winter,Johanna Lindsey," 4.03 avg rating _яс 11,773 ratings",score: 630,/book/show/11410988-fires-of-winter
Hummingbird,LaVyrle Spencer," 4.08 avg rating _яс 3,469 ratings",score: 629,/book/show/734611.Hummingbird
"The Shadow and the Star (Victorian Hearts, #2)",Laura Kinsale," 4.02 avg rating _яс 2,842 ratings",score: 608,/book/show/802151.The_Shadow_and_the_Star
Arabella,Georgette Heyer," 4.04 avg rating _яс 11,983 ratings",score: 596,/book/show/311150.Arabella
Sylvester,Georgette Heyer," 4.10 avg rating _яс 10,170 ratings",score: 582,/book/show/1425327.Sylvester
The Thorn Birds,Colleen McCullough," 4.22 avg rating _яс 268,237 ratings",score: 577,/book/show/3412.The_Thorn_Birds
Wuthering Heights,Emily Brontу┴," 3.82 avg rating _яс 1,008,658 ratings",score: 560,/book/show/6185.Wuthering_Heights
"Smooth Talking Stranger (Travises, #3)",Lisa Kleypas," 4.17 avg rating _яс 31,000 ratings",score: 545,/book/show/4066312-smooth-talking-stranger
"The Wedding (Lairds' Fiancу╘es, #2)",Julie Garwood," 4.18 avg rating _яс 23,001 ratings",score: 543,/book/show/107778.The_Wedding
"Sawyer (Buckhorn Brothers, #1)",Lori Foster," 4.03 avg rating _яс 5,568 ratings",score: 516,/book/show/225593.Sawyer
"These Old Shades (Alastair, #1)",Georgette Heyer," 4.06 avg rating _яс 12,189 ratings",score: 483,/book/show/311182.These_Old_Shades
The Color Purple,Alice Walker," 4.17 avg rating _яс 402,830 ratings",score: 470,/book/show/11486.The_Color_Purple
Yours Until Dawn,Teresa Medeiros," 4.09 avg rating _яс 8,148 ratings",score: 454,/book/show/350683.Yours_Until_Dawn
The Windflower,Laura London," 4.06 avg rating _яс 1,596 ratings",score: 449,/book/show/679702.The_Windflower
"Comanche Moon (Comanche, #1)",Catherine Anderson," 4.12 avg rating _яс 6,512 ratings",score: 434,/book/show/133499.Comanche_Moon
"Divergent (Divergent, #1)",Veronica Roth," 4.24 avg rating _яс 2,241,837 ratings",score: 423,/book/show/13335037-divergent
Prince Charming,Julie Garwood," 4.04 avg rating _яс 10,906 ratings",score: 419,/book/show/107777.Prince_Charming
Cry No More,Linda Howard," 4.09 avg rating _яс 11,321 ratings",score: 388,/book/show/187500.Cry_No_More
The Masqueraders,Georgette Heyer," 4.03 avg rating _яс 5,886 ratings",score: 380,/book/show/311201.The_Masqueraders
One Perfect Rose (Fallen Angels #7),Mary Jo  Putney," 4.01 avg rating _яс 2,382 ratings",score: 375,/book/show/264339.One_Perfect_Rose
"Truce (Neighbor from Hell, #4)",R.L. Mathewson," 4.34 avg rating _яс 21,509 ratings",score: 375,/book/show/17352874-truce
"Maid for Love (Gansett Island Series, #1)",Marie Force," 3.98 avg rating _яс 19,850 ratings",score: 366,/book/show/11808919-maid-for-love
"Shadow of Night (All Souls Trilogy, #2)",Deborah Harkness," 4.04 avg rating _яс 113,662 ratings",score: 360,/book/show/11559200-shadow-of-night
Memoirs of a Geisha,Arthur Golden," 4.08 avg rating _яс 1,426,124 ratings",score: 357,/book/show/930.Memoirs_of_a_Geisha
Emma,Jane Austen," 3.99 avg rating _яс 502,213 ratings",score: 357,/book/show/15777407-emma
Fried Green Tomatoes at the Whistle Stop Cafe,Fannie Flagg," 4.26 avg rating _яс 217,998 ratings",score: 355,/book/show/937207.Fried_Green_Tomatoes_at_the_Whistle_Stop_Cafe
Romeo and Juliet,William Shakespeare," 3.74 avg rating _яс 1,683,652 ratings",score: 352,/book/show/18135.Romeo_and_Juliet
"Playing for Keeps (Neighbor from Hell, #1)",R.L. Mathewson," 4.08 avg rating _яс 91,644 ratings",score: 348,/book/show/11381643-playing-for-keeps
Water for Elephants,Sara Gruen," 4.07 avg rating _яс 1,114,675 ratings",score: 347,/book/show/43641.Water_for_Elephants
A Town Like Alice,Nevil Shute," 4.12 avg rating _яс 40,055 ratings",score: 327,/book/show/107301.A_Town_Like_Alice
"Tempt Me at Twilight (The Hathaways, #3)",Lisa Kleypas," 4.18 avg rating _яс 25,269 ratings",score: 325,/book/show/6264710-tempt-me-at-twilight
"This Girl (Slammed, #3)",Colleen Hoover," 4.18 avg rating _яс 61,558 ratings",score: 322,/book/show/15784909-this-girl
Once in a Blue Moon,Penelope Williamson, 4.06 avg rating _яс 429 ratings,score: 312,/book/show/2056222.Once_in_a_Blue_Moon
Mrs. Drew Plays Her Hand,Carla Kelly," 4.07 avg rating _яс 2,141 ratings",score: 308,/book/show/222813.Mrs_Drew_Plays_Her_Hand
Porcelain Keys,Sarah Beard, 4.20 avg rating _яс 298 ratings,score: 300,/book/show/18317952-porcelain-keys
"The Dark Prince (Les Fу╘es: The French Fae Legend, #1)",Emma V. Leech, 3.95 avg rating _яс 607 ratings,score: 299,/book/show/18813405-the-dark-prince
"The Dark Heart (Les Fу╘es: The French Fae Legend, #2)",Emma V. Leech, 4.49 avg rating _яс 278 ratings,score: 298,/book/show/28674084-the-dark-heart
The Duke's Redemption,Carla Capshaw, 4.15 avg rating _яс 222 ratings,score: 294,/book/show/6893384-the-duke-s-redemption
The Protector,Carla Capshaw, 4.28 avg rating _яс 425 ratings,score: 293,/book/show/7685306-the-protector
A Place to Call Home,Deborah Smith," 4.05 avg rating _яс 2,298 ratings",score: 289,/book/show/584486.A_Place_to_Call_Home
"Mrs. Mike (Mrs. Mike, #1)",Benedict Freedman," 4.13 avg rating _яс 14,463 ratings",score: 289,/book/show/155712.Mrs_Mike
"How to Marry a Marquis (Agents of the Crown, #2)",Julia Quinn," 4.01 avg rating _яс 12,764 ratings",score: 285,/book/show/110397.How_to_Marry_a_Marquis
Only Love Is Real: A Story of Soulmates Reunited,Brian L. Weiss," 4.15 avg rating _яс 6,420 ratings",score: 284,/book/show/135564.Only_Love_Is_Real
Phantom Waltz,Catherine Anderson," 4.19 avg rating _яс 4,489 ratings",score: 283,/book/show/2236101.Phantom_Waltz
"Tatiana and Alexander (The Bronze Horseman, #2)",Paullina Simons," 4.30 avg rating _яс 26,444 ratings",score: 280,/book/show/83143.Tatiana_and_Alexander
Whispers of Heaven,Candice Proctor, 4.00 avg rating _яс 299 ratings,score: 275,/book/show/1813357.Whispers_of_Heaven
"These Is My Words: The Diary of Sarah Agnes Prine, 1881-1901, Arizona Territories (Sarah Agnes Prine, #1)",Nancy E. Turner," 4.34 avg rating _яс 54,417 ratings",score: 267,/book/show/348225.These_Is_My_Words
The Blue Castle,L.M. Montgomery," 4.23 avg rating _яс 21,031 ratings",score: 267,/book/show/95693.The_Blue_Castle
"Shattered Rainbows (Fallen Angels, #5)",Mary Jo  Putney," 4.04 avg rating _яс 1,594 ratings",score: 265,/book/show/638109.Shattered_Rainbows
Attachments,Rainbow Rowell," 3.95 avg rating _яс 121,380 ratings",score: 262,/book/show/8909152-attachments
"When Beauty Tamed the Beast (Fairy Tales, #2)",Eloisa James," 4.06 avg rating _яс 18,255 ratings",score: 256,/book/show/8449698-when-beauty-tamed-the-beast
"Fifty Shades Trilogy (Fifty Shades, #1-3)",E.L. James," 4.13 avg rating _яс 102,036 ratings",score: 251,/book/show/13584236-fifty-shades-trilogy
"Garden Spells (Waverley Family, #1)",Sarah Addison Allen," 4.06 avg rating _яс 71,983 ratings",score: 250,/book/show/1158967.Garden_Spells
Mr. Perfect,Linda Howard," 4.07 avg rating _яс 26,994 ratings",score: 249,/book/show/11725217-mr-perfect
Scaramouche,Rafael Sabatini," 4.06 avg rating _яс 6,260 ratings",score: 242,/book/show/938105.Scaramouche
Edenbrooke,Julianne Donaldson," 4.34 avg rating _яс 30,472 ratings",score: 242,/book/show/13569338-edenbrooke
"The Spymaster's Lady (Spymasters, #1)",Joanna Bourne," 4.04 avg rating _яс 5,477 ratings",score: 237,/book/show/959745.The_Spymaster_s_Lady
"Something Wonderful (Sequels, #2)",Judith McNaught," 4.33 avg rating _яс 21,044 ratings",score: 225,/book/show/129616.Something_Wonderful
"Poison Study (Study, #1)",Maria V. Snyder," 4.16 avg rating _яс 109,476 ratings",score: 215,/book/show/60510.Poison_Study
By Arrangement/By Possession (Medieval #1 & #4),Madeline Hunter, 4.18 avg rating _яс 113 ratings,score: 207,/book/show/221436.By_Arrangement_By_Possession
Sunrise Song,Kathleen Eagle, 4.15 avg rating _яс 138 ratings,score: 203,/book/show/1205099.Sunrise_Song
"Falling For Gracie (Los Lobos, #2)",Susan Mallery," 4.03 avg rating _яс 4,392 ratings",score: 200,/book/show/601957.Falling_For_Gracie
"Complicate Me (The Good Ol' Boys, #1)",M.  Robinson," 4.20 avg rating _яс 6,558 ratings",score: 200,/book/show/25701594-complicate-me
All Washed Up and Nowhere to Run,Rosamund Snow, 3.58 avg rating _яс 60 ratings,score: 200,/book/show/29980450-all-washed-up-and-nowhere-to-run
The Gladiator,Carla Capshaw, 4.16 avg rating _яс 609 ratings,score: 198,/book/show/6609581-the-gladiator
"Strife (Hidden, #4)",Colleen Vanderlinden, 4.12 avg rating _яс 711 ratings,score: 197,/book/show/22078365-strife
Fruits Basket: The Complete Collection,Natsuki Takaya," 4.53 avg rating _яс 2,060 ratings",score: 197,/book/show/8192675-fruits-basket
The Outsider,Penelope Williamson," 3.97 avg rating _яс 1,346 ratings",score: 196,/book/show/280747.The_Outsider
Anonymity,Amber Lea Easton, 3.93 avg rating _яс 199 ratings,score: 196,/book/show/19548180-anonymity
"Slammed (Slammed, #1)",Colleen Hoover," 4.29 avg rating _яс 177,174 ratings",score: 193,/book/show/13372690-slammed
"Slightly Dangerous (Bedwyn Saga, #6)",Mary Balogh," 4.21 avg rating _яс 12,991 ratings",score: 190,/book/show/6297035-slightly-dangerous
Always to Remember,Lorraine Heath," 4.19 avg rating _яс 1,764 ratings",score: 189,/book/show/692985.Always_to_Remember
Heart of the West,Penelope Williamson, 4.08 avg rating _яс 873 ratings,score: 188,/book/show/1150355.Heart_of_the_West
"Match Me If You Can (Chicago Stars, #6)",Susan Elizabeth Phillips," 4.13 avg rating _яс 35,936 ratings",score: 187,/book/show/73089.Match_Me_If_You_Can
"Simon Says (SBC Fighters, #2)",Lori Foster," 4.15 avg rating _яс 6,141 ratings",score: 186,/book/show/155317.Simon_Says
Remembrance,Jude Deveraux," 4.01 avg rating _яс 6,438 ratings",score: 186,/book/show/251953.Remembrance
"Embrace The Darkness (Guardians of Eternity, #2)",Alexandra Ivy," 4.15 avg rating _яс 8,352 ratings",score: 185,/book/show/1599297.Embrace_The_Darkness
The Scarlet Pimpernel,Emmuska Orczy," 4.06 avg rating _яс 104,425 ratings",score: 184,/book/show/18297740-the-scarlet-pimpernel
The Night Circus,Erin Morgenstern," 4.03 avg rating _яс 479,764 ratings",score: 183,/book/show/9361589-the-night-circus
"City of Glass (The Mortal Instruments, #3)",Cassandra Clare," 4.34 avg rating _яс 636,401 ratings",score: 182,/book/show/3777732-city-of-glass
"Soul of a Highlander (Daughters of the Glen, #3)",Melissa Mayhue," 4.16 avg rating _яс 2,147 ratings",score: 182,/book/show/2511327.Soul_of_a_Highlander
"Sudden Response (EMS, #1)",R.L. Mathewson," 4.04 avg rating _яс 11,000 ratings",score: 182,/book/show/20512384-sudden-response
"The Book of Life (All Souls Trilogy, #3)",Deborah Harkness," 4.15 avg rating _яс 79,025 ratings",score: 182,/book/show/16054217-the-book-of-life
Doctor Zhivago,Boris Pasternak," 4.03 avg rating _яс 66,514 ratings",score: 181,/book/show/130440.Doctor_Zhivago
Before I Fall,Lauren Oliver," 3.92 avg rating _яс 235,827 ratings",score: 180,/book/show/6482837-before-i-fall
"The Undead Pool (The Hollows, #12)",Kim Harrison," 4.43 avg rating _яс 21,696 ratings",score: 179,/book/show/17285883-the-undead-pool
"Open Country (Blood Rose, #2)",Kaki Warner, 4.05 avg rating _яс 854 ratings,score: 178,/book/show/7174472-open-country
The Prince of Tides,Pat Conroy," 4.22 avg rating _яс 166,236 ratings",score: 178,/book/show/16735.The_Prince_of_Tides
"The Unsung Hero (Troubleshooters, #1)",Suzanne Brockmann," 4.04 avg rating _яс 11,909 ratings",score: 178,/book/show/6622759-the-unsung-hero
"Bright Eyes (Kendrick/Coulter/Harrigan, #5)",Catherine Anderson," 4.16 avg rating _яс 3,698 ratings",score: 177,/book/show/89352.Bright_Eyes
"The Blue Sword (Damar, #1)",Robin McKinley," 4.24 avg rating _яс 47,027 ratings",score: 175,/book/show/407813.The_Blue_Sword
"Under the Never Sky (Under the Never Sky, #1)",Veronica Rossi," 4.00 avg rating _яс 94,914 ratings",score: 175,/book/show/11594257-under-the-never-sky
"The Tea Rose (The Tea Rose, #1)",Jennifer Donnelly," 4.18 avg rating _яс 25,469 ratings",score: 172,/book/show/1306948.The_Tea_Rose
Far from the Madding Crowd,Thomas Hardy," 3.92 avg rating _яс 98,285 ratings",score: 170,/book/show/31463.Far_from_the_Madding_Crowd
"All This, and Heaven Too",Rachel Field, 4.02 avg rating _яс 262 ratings,score: 167,/book/show/1397878.All_This_and_Heaven_Too
"Mackenzie's Pleasure (Mackenzie Family, #3)",Linda Howard," 4.13 avg rating _яс 4,578 ratings",score: 166,/book/show/1561628.Mackenzie_s_Pleasure
"Twilight (Twilight, #1)",Stephenie Meyer," 3.57 avg rating _яс 3,945,299 ratings",score: 166,/book/show/41865.Twilight
The Nutcracker and the Mouse King,E.T.A. Hoffmann," 4.06 avg rating _яс 8,338 ratings",score: 165,/book/show/19012900-the-nutcracker-and-the-mouse-king
We Were Liars,E. Lockhart," 3.85 avg rating _яс 303,140 ratings",score: 160,/book/show/16143347-we-were-liars
"Wild Man Creek (Virgin River, #12)",Robyn Carr," 4.31 avg rating _яс 9,420 ratings",score: 157,/book/show/8850167-wild-man-creek
Open Season,Linda Howard," 4.01 avg rating _яс 15,688 ratings",score: 157,/book/show/11680446-open-season
"Winters Heat (Titan, #1)",Cristin Harber," 4.02 avg rating _яс 6,438 ratings",score: 155,/book/show/18247580-winters-heat
"Born in Shame (Born In Trilogy, #3)",Nora Roberts," 4.07 avg rating _яс 26,104 ratings",score: 152,/book/show/98405.Born_in_Shame
"Secrets of a Summer Night (Wallflowers, #1)",Lisa Kleypas," 4.05 avg rating _яс 37,151 ratings",score: 149,/book/show/6587379-secrets-of-a-summer-night
"Into the Wilderness (Wilderness, #1)",Sara Donati," 4.10 avg rating _яс 28,110 ratings",score: 146,/book/show/72854.Into_the_Wilderness
"The Will (Magdalene, #1)",Kristen Ashley," 4.30 avg rating _яс 22,678 ratings",score: 146,/book/show/20603820-the-will
"Soaring (Magdalene, #2)",Kristen Ashley," 4.34 avg rating _яс 11,719 ratings",score: 144,/book/show/24374053-soaring
"Nine Rules to Break When Romancing a Rake (Love By Number, #1)",Sarah MacLean," 4.08 avg rating _яс 30,152 ratings",score: 144,/book/show/8152807-nine-rules-to-break-when-romancing-a-rake
"Over the Edge (Troubleshooters, #3)",Suzanne Brockmann," 4.23 avg rating _яс 10,265 ratings",score: 139,/book/show/174357.Over_the_Edge
"Something About You (FBI/US Attorney, #1)",Julie James," 3.94 avg rating _яс 50,191 ratings",score: 138,/book/show/8231458-something-about-you
Tempt Me Not (Me Not #1),Eve Byron, 4.06 avg rating _яс 93 ratings,score: 137,/book/show/2731480-tempt-me-not
Dance with the Devil (Dark-Hunter #3),Sherrilyn Kenyon," 4.39 avg rating _яс 54,778 ratings",score: 125,/book/show/84145.Dance_with_the_Devil
"The Sweetest Thing (Lucky Harbor, #2)",Jill Shalvis," 4.12 avg rating _яс 16,677 ratings",score: 125,/book/show/10956551-the-sweetest-thing
"The Deal (Off-Campus, #1)",Elle Kennedy," 4.30 avg rating _яс 80,839 ratings",score: 125,/book/show/24920901-the-deal
"A Game of Chance (Mackenzie Family, #4)",Linda Howard," 4.07 avg rating _яс 5,412 ratings",score: 121,/book/show/420747.A_Game_of_Chance
"Running Hot (Arcane Society, #5)",Jayne Ann Krentz," 4.07 avg rating _яс 8,058 ratings",score: 117,/book/show/2974804-running-hot
Master of Swords (Mageverse #4),Angela Knight," 4.19 avg rating _яс 2,751 ratings",score: 111,/book/show/19908.Master_of_Swords
Bite Me If You Can (Argeneau #6),Lynsay Sands," 4.27 avg rating _яс 17,797 ratings",score: 107,/book/show/38529.Bite_Me_If_You_Can
Dancing on Coals,Ellen O'Connell," 4.10 avg rating _яс 2,587 ratings",score: 106,/book/show/12913453-dancing-on-coals
"Megan's Mark (Breeds, #7; Feline Breeds, #5)",Lora Leigh," 4.11 avg rating _яс 10,571 ratings",score: 105,/book/show/319639.Megan_s_Mark
God-Shaped Hole,Tiffanie DeBartolo," 4.04 avg rating _яс 6,052 ratings",score: 100,/book/show/248103.God_Shaped_Hole
A Crack in Forever,Jeannie Brewer, 4.20 avg rating _яс 687 ratings,score: 100,/book/show/1212079.A_Crack_in_Forever
"Conspiracy Game (GhostWalkers, #4)",Christine Feehan," 4.36 avg rating _яс 9,829 ratings",score: 100,/book/show/287632.Conspiracy_Game
Nakoa's Woman,Gayle Rogers, 4.06 avg rating _яс 150 ratings,score: 100,/book/show/2516263.Nakoa_s_Woman
"The Return (The Austin Trilogy, #2)",Brad Boney," 4.23 avg rating _яс 1,210 ratings",score: 100,/book/show/18044109-the-return
"The Black Jewels Trilogy: Daughter of the Blood, Heir to the Shadows, Queen of the Darkness (The Black Jewels, #1-3)",Anne Bishop," 4.39 avg rating _яс 11,138 ratings",score: 100,/book/show/47953.The_Black_Jewels_Trilogy
Jaya: An Illustrated Retelling of the Mahabharata,Devdutt Pattanaik," 4.20 avg rating _яс 10,736 ratings",score: 100,/book/show/9864913-jaya
Dreaming of Love (The Bradens at Trusty #5; The Bradens #11; Love in Bloom #20),Melissa Foster, 4.47 avg rating _яс 930 ratings,score: 100,/book/show/22538958-dreaming-of-love
Love not for sale,Anurag Garg, 4.02 avg rating _яс 54 ratings,score: 100,/book/show/26156557-love-not-for-sale
"Comanche Heart (Comanche, #2)",Catherine Anderson," 4.05 avg rating _яс 3,027 ratings",score: 100,/book/show/8201243-comanche-heart
Naughty Housewives,Ernest Morris, 3.91 avg rating _яс 75 ratings,score: 100,/book/show/32622369-naughty-housewives
"A Million Different Ways (Horn Duet, #1)",P. Dangelico, 4.04 avg rating _яс 311 ratings,score: 100,/book/show/30636413-a-million-different-ways
Next!: The Search for My Last First Date,Robert    James, 4.00 avg rating _яс 30 ratings,score: 100,/book/show/22496572-next
Ella Enchanted,Gail Carson Levine," 3.97 avg rating _яс 347,436 ratings",score: 100,/book/show/24337.Ella_Enchanted
"Crave: Part One (Crave Duet, #1)",E.K. Blair, 4.09 avg rating _яс 461 ratings,score: 100,/book/show/34929050-crave
"The Black Hawk (The Spymaster's Lady, #4)",Joanna Bourne," 4.16 avg rating _яс 2,600 ratings",score: 100,/book/show/11538047-the-black-hawk
The Accidental Wife,C.J. Fosdick, 4.28 avg rating _яс 25 ratings,score: 100,/book/show/25165911-the-accidental-wife
Surrender the Wind,Elizabeth St. Michel, 4.62 avg rating _яс 50 ratings,score: 100,/book/show/30643163-surrender-the-wind
Annie's Song,Catherine Anderson," 4.20 avg rating _яс 10,398 ratings",score: 99,/book/show/659600.Annie_s_Song
"The Rainbow Season (Turner's Rainbows Saga, #1)",Lisa Gregory, 3.97 avg rating _яс 506 ratings,score: 99,/book/show/475006.The_Rainbow_Season
"Stardust of Yesterday (de Piaget, #9; de Paiget/MacLeod, #1)",Lynn Kurland," 4.10 avg rating _яс 3,540 ratings",score: 99,/book/show/17054.Stardust_of_Yesterday
"The Keeper: Revenge (The Keeper, #2)",O.L. Ramos, 4.24 avg rating _яс 124 ratings,score: 99,/book/show/18373829-the-keeper
"Arielle: Immortal Quickening (Immortal Rapture, #4)",Lilian Roberts, 4.45 avg rating _яс 209 ratings,score: 99,/book/show/18126565-arielle
_Е╣_Е▄_к█_Е__Е__Е█_к█_Ег_Е__к█ _Е╣_к╬_Е╘_к█_Е╠_Е__Е█_к█_Ег_Е__к█ [Vandhargal Vendrargal],Madhan," 4.23 avg rating _яс 1,895 ratings",score: 99,/book/show/7493659-vandhargal-vendrargal
The Champion,Carla Capshaw, 4.26 avg rating _яс 452 ratings,score: 99,/book/show/10662095-the-champion
"The Violet Hour (The Violet Hour, #1)",Andrea L. Wells, 3.87 avg rating _яс 170 ratings,score: 99,/book/show/25348861-the-violet-hour
"Flat-Out Love (Flat-Out Love, #1)",Jessica Park," 4.01 avg rating _яс 52,230 ratings",score: 99,/book/show/11096647-flat-out-love
Forbidden,Tabitha Suzuma," 4.06 avg rating _яс 43,580 ratings",score: 99,/book/show/7600924-forbidden
"Fifty Shades of Grey (Fifty Shades, #1)",E.L. James," 3.66 avg rating _яс 1,441,132 ratings",score: 99,/book/show/10818853-fifty-shades-of-grey
Not Quite a Husband,Sherry Thomas," 3.88 avg rating _яс 7,023 ratings",score: 99,/book/show/5841500-not-quite-a-husband
Atonement,Ian McEwan," 3.88 avg rating _яс 367,466 ratings",score: 99,/book/show/6867.Atonement
The Winds of Fate,Elizabeth St. Michel, 3.97 avg rating _яс 194 ratings,score: 99,/book/show/23282635-the-winds-of-fate
Line of Scrimmage,Marie Force," 3.99 avg rating _яс 6,615 ratings",score: 98,/book/show/3564825-line-of-scrimmage
"Point of Retreat (Slammed, #2)",Colleen Hoover," 4.30 avg rating _яс 124,759 ratings",score: 98,/book/show/13496084-point-of-retreat
"Learning To Let Go (Learning, #2)",Cynthia P. O'Neill, 4.06 avg rating _яс 174 ratings,score: 98,/book/show/18802141-learning-to-let-go
"The Opportunist (Love Me with Lies, #1)",Tarryn Fisher," 4.22 avg rating _яс 42,003 ratings",score: 98,/book/show/13312527-the-opportunist
Only By Your Touch,Catherine Anderson," 4.17 avg rating _яс 2,168 ratings",score: 98,/book/show/10835752-only-by-your-touch
"Fool Me Twice (Rules for the Reckless, #2)",Meredith Duran," 3.96 avg rating _яс 3,335 ratings",score: 98,/book/show/18143986-fool-me-twice
"Kings Rising (Captive Prince, #3)",C.S. Pacat," 4.50 avg rating _яс 18,424 ratings",score: 98,/book/show/17158532-kings-rising
Sweet Vengeance: Duke of Rutland Series Book 1,Elizabeth St. Michel, 5.00 avg rating _яс 2 ratings,score: 98,/book/show/36052454-sweet-vengeance
"Starcrossed (Starcrossed, #1)",Josephine Angelini," 4.08 avg rating _яс 55,477 ratings",score: 97,/book/show/9462795-starcrossed
"Touch of Power (Healer, #1)",Maria V. Snyder," 4.17 avg rating _яс 33,683 ratings",score: 97,/book/show/10445208-touch-of-power
"Fired Up (Arcane Society, #7; Dreamlight Trilogy, #1)",Jayne Ann Krentz," 4.05 avg rating _яс 8,207 ratings",score: 97,/book/show/8199591-fired-up
"Assumption (Underground Kings, #1)",Aurora Rose Reynolds," 4.18 avg rating _яс 15,212 ratings",score: 97,/book/show/21063217-assumption
"In the Woods (Dublin Murder Squad, #1)",Tana French," 3.75 avg rating _яс 204,422 ratings",score: 97,/book/show/237209.In_the_Woods
The Duke of Shadows,Meredith Duran," 4.06 avg rating _яс 5,143 ratings",score: 97,/book/show/3112394-the-duke-of-shadows
"Queen of the Darkness (The Black Jewels, #3)",Anne Bishop," 4.37 avg rating _яс 21,656 ratings",score: 97,/book/show/47959.Queen_of_the_Darkness
"Vampire Academy Box Set (Vampire Academy, #1-4)",Richelle Mead," 4.57 avg rating _яс 33,402 ratings",score: 96,/book/show/8718952-vampire-academy-box-set
The Perks of Being a Wallflower,Stephen Chbosky," 4.21 avg rating _яс 961,542 ratings",score: 96,/book/show/13573503-the-perks-of-being-a-wallflower
"Slightly Married (Bedwyn Saga, #1)",Mary Balogh," 3.94 avg rating _яс 10,430 ratings",score: 96,/book/show/6297034-slightly-married
"Fighting Silence (On the Ropes, #1)",Aly Martinez," 4.22 avg rating _яс 11,647 ratings",score: 96,/book/show/23206497-fighting-silence
My Girl,Jack   Jordan," 3.76 avg rating _яс 4,086 ratings",score: 96,/book/show/30109213-my-girl
The Dream Hunter,Laura Kinsale," 3.79 avg rating _яс 1,180 ratings",score: 96,/book/show/802150.The_Dream_Hunter
The Time Traveler's Wife,Audrey Niffenegger," 3.95 avg rating _яс 1,316,351 ratings",score: 96,/book/show/207035.The_Time_Traveler_s_Wife
"The King's Falcon (Roundheads and Cavaliers, #3)",Stella Riley, 4.03 avg rating _яс 62 ratings,score: 96,/book/show/22591549-the-king-s-falcon
The Girl Who Chased the Moon,Sarah Addison Allen," 3.97 avg rating _яс 46,555 ratings",score: 95,/book/show/5126859-the-girl-who-chased-the-moon
The Proposition,Judith Ivory," 3.87 avg rating _яс 3,490 ratings",score: 95,/book/show/720801.The_Proposition
"Beautiful Bad Man (Sutton Family, #1)",Ellen O'Connell," 4.07 avg rating _яс 1,598 ratings",score: 95,/book/show/16048967-beautiful-bad-man
Waking the Witch,Lisa Whitefern, 4.54 avg rating _яс 92 ratings,score: 94,/book/show/6079129-waking-the-witch
The Indiscretion,Judith Ivory, 3.82 avg rating _яс 701 ratings,score: 94,/book/show/222757.The_Indiscretion
"Eyes of Silver, Eyes of Gold (Eyes of Silver, Eyes of Gold, #1)",Ellen O'Connell," 4.23 avg rating _яс 4,052 ratings",score: 94,/book/show/8262550-eyes-of-silver-eyes-of-gold
"Collision Course (Florida Books, #2)",K.A. Mitchell," 3.99 avg rating _яс 3,647 ratings",score: 93,/book/show/5989460-collision-course
"Bared to You (Crossfire, #1)",Sylvia Day," 4.19 avg rating _яс 388,259 ratings",score: 93,/book/show/20448515-bared-to-you
The Sugar Queen,Sarah Addison Allen," 3.98 avg rating _яс 42,367 ratings",score: 93,/book/show/6202183-the-sugar-queen
Black Silk,Judith Ivory, 3.65 avg rating _яс 826 ratings,score: 93,/book/show/1361044.Black_Silk
"My Lord and Spymaster (Spymasters, #2)",Joanna Bourne," 3.89 avg rating _яс 2,028 ratings",score: 93,/book/show/2281319.My_Lord_and_Spymaster
"Nothing But Trouble (Chinooks Hockey Team, #5)",Rachel Gibson," 4.02 avg rating _яс 13,921 ratings",score: 92,/book/show/6950451-nothing-but-trouble
Dear John,Nicholas Sparks," 4.01 avg rating _яс 457,407 ratings",score: 92,/book/show/5526.Dear_John
Untie My Heart,Judith Ivory," 3.89 avg rating _яс 1,559 ratings",score: 92,/book/show/1361045.Untie_My_Heart
A Splendid Defiance,Stella Riley, 4.31 avg rating _яс 169 ratings,score: 92,/book/show/3170789-a-splendid-defiance
"Hawksong (The Kiesha'ra, #1)",Amelia Atwater-Rhodes," 4.15 avg rating _яс 18,857 ratings",score: 91,/book/show/30334.Hawksong
The Wind and the Sea,Marsha Canham, 4.15 avg rating _яс 646 ratings,score: 91,/book/show/891795.The_Wind_and_the_Sea
"Extreme Exposure (I-Team, #1)",Pamela Clare," 3.92 avg rating _яс 12,303 ratings",score: 91,/book/show/6068889-extreme-exposure
"Mr. Impossible (Carsington Brothers, #2)",Loretta Chase," 3.98 avg rating _яс 5,260 ratings",score: 91,/book/show/132606.Mr_Impossible
"Garland of Straw (Roundheads and Cavaliers, #2)",Stella Riley, 4.23 avg rating _яс 94 ratings,score: 91,/book/show/3170787-garland-of-straw
"The Last Arrow (Robin Hood, #3)",Marsha Canham, 4.27 avg rating _яс 693 ratings,score: 90,/book/show/707592.The_Last_Arrow
"Miss Wonderful (Carsington Brothers, #1)",Loretta Chase," 3.67 avg rating _яс 4,152 ratings",score: 90,/book/show/425374.Miss_Wonderful
The Marigold Chain,Stella Riley, 4.03 avg rating _яс 129 ratings,score: 90,/book/show/3099801-the-marigold-chain
"In the Shadow of Midnight (Robin Hood, #2)",Marsha Canham, 4.19 avg rating _яс 617 ratings,score: 89,/book/show/707604.In_the_Shadow_of_Midnight
"A Week to Be Wicked (Spindle Cove, #2)",Tessa Dare," 4.12 avg rating _яс 16,471 ratings",score: 89,/book/show/12944122-a-week-to-be-wicked
"Lord Perfect  (Carsington Brothers, #3)",Loretta Chase," 4.01 avg rating _яс 4,558 ratings",score: 89,/book/show/132598.Lord_Perfect
The Mу╘salliance,Stella Riley, 4.03 avg rating _яс 334 ratings,score: 89,/book/show/3170821-the-m-salliance
"When You Dare (Men Who Walk the Edge of Honor, #1)",Lori Foster," 4.17 avg rating _яс 12,095 ratings",score: 88,/book/show/11048288-when-you-dare
Case of William Smith,Patricia Wentworth, 3.99 avg rating _яс 498 ratings,score: 88,/book/show/2581680-case-of-william-smith
A Woman Scorned (Lorimer Family & Clan Cameron #2),Liz Carlyle, 3.86 avg rating _яс 737 ratings,score: 88,/book/show/490475.A_Woman_Scorned
"The Black Madonna (Roundheads and Cavaliers, #1)",Stella Riley, 4.25 avg rating _яс 119 ratings,score: 88,/book/show/3170793-the-black-madonna
"The Blood of Roses (Highlands, #2)",Marsha Canham," 4.10 avg rating _яс 1,993 ratings",score: 87,/book/show/707222.The_Blood_of_Roses
"My False Heart (Lorimer Family & Clan Cameron, #1)",Liz Carlyle, 3.85 avg rating _яс 971 ratings,score: 87,/book/show/490477.My_False_Heart
Marriage Upon Terms: A Regency Historical Romance (The Gentlemen of Christopher's Book 2),Kate Morrell, 4.37 avg rating _яс 71 ratings,score: 87,/book/show/34521383-marriage-upon-terms
To Love and to Cherish (Wyckerley Trilogy #1),Patricia Gaffney, 3.68 avg rating _яс 768 ratings,score: 86,/book/show/525620.To_Love_and_to_Cherish
"The Wicked Cousin (Rockcliffe, #4)",Stella Riley, 4.19 avg rating _яс 111 ratings,score: 86,/book/show/34836264-the-wicked-cousin
"Tangled Up In You  (Writer Friends, #3; Truly, Idaho, #2)",Rachel Gibson," 3.95 avg rating _яс 10,177 ratings",score: 85,/book/show/5382623-tangled-up-in-you
Written on Your Skin,Meredith Duran," 3.82 avg rating _яс 1,883 ratings",score: 85,/book/show/5841535-written-on-your-skin
Noble Satyr (Roxton Series #1),Lucinda Brant, 3.80 avg rating _яс 787 ratings,score: 85,/book/show/9543037-noble-satyr
"Fool for Love (Gansett Island Series, #2)",Marie Force," 4.22 avg rating _яс 10,118 ratings",score: 84,/book/show/11483403-fool-for-love
"A Highlander's Homecoming (Daughters of the Glen, #6)",Melissa Mayhue," 4.18 avg rating _яс 1,247 ratings",score: 84,/book/show/6503378-a-highlander-s-homecoming
Summer Breeze (Keegan-Paxton #3),Catherine Anderson," 4.13 avg rating _яс 2,623 ratings",score: 84,/book/show/89362.Summer_Breeze
The Wagered Widow,Patricia Veryan, 4.17 avg rating _яс 230 ratings,score: 84,/book/show/271135.The_Wagered_Widow
"Highland Guardian (Daughters of the Glen, #2)",Melissa Mayhue," 4.06 avg rating _яс 1,906 ratings",score: 83,/book/show/1537464.Highland_Guardian
The Snow Child,Eowyn Ivey," 3.95 avg rating _яс 85,817 ratings",score: 83,/book/show/11250053-the-snow-child
The Ideal Man,Julie Garwood," 3.92 avg rating _яс 12,991 ratings",score: 83,/book/show/11350878-the-ideal-man
"Lords of Misrule (Roundheads and Cavaliers, #4)",Stella Riley, 4.20 avg rating _яс 50 ratings,score: 83,/book/show/29499215-lords-of-misrule
The Shoemaker's Wife,Adriana Trigiani," 3.98 avg rating _яс 62,680 ratings",score: 82,/book/show/13127599-the-shoemaker-s-wife
"The Fortune Hunter (Lord Rival, #2)",Diane Farr, 3.86 avg rating _яс 472 ratings,score: 81,/book/show/1377591.The_Fortune_Hunter
Knight's Game (All or Nothing #2),C.C. Gibbs," 4.08 avg rating _яс 4,518 ratings",score: 80,/book/show/18112563-knight-s-game
"The Summer Garden (The Bronze Horseman, #3)",Paullina Simons," 4.12 avg rating _яс 19,348 ratings",score: 80,/book/show/608216.The_Summer_Garden
"Icefire (Pure Wildfire, #2)",Lynne Connolly, 4.12 avg rating _яс 118 ratings,score: 79,/book/show/7105112-icefire
The Do-Over,M.K. Schiller," 4.03 avg rating _яс 8,740 ratings",score: 78,/book/show/18660750-the-do-over
"American Savages (Ruthless People, #3)",J.J. McAvoy," 4.53 avg rating _яс 6,124 ratings",score: 78,/book/show/22237681-american-savages
"Heartbreaker (Buchanan-Renard-McKenna, #1)",Julie Garwood," 4.02 avg rating _яс 21,000 ratings",score: 78,/book/show/6440763-heartbreaker
"Six of Hearts (Hearts, #1)",L.H. Cosway," 4.08 avg rating _яс 13,494 ratings",score: 77,/book/show/22324683-six-of-hearts
"The Untouchables (Ruthless People, #2)",J.J. McAvoy," 4.48 avg rating _яс 6,592 ratings",score: 77,/book/show/22237428-the-untouchables
"Mercy (Buchanan, #2)",Julie Garwood," 4.11 avg rating _яс 15,777 ratings",score: 77,/book/show/6440761-mercy
"One Lucky Vampire (Argeneau, #19)",Lynsay Sands," 4.13 avg rating _яс 7,215 ratings",score: 76,/book/show/17334051-one-lucky-vampire
"Ruthless People (Ruthless People, #1)",J.J. McAvoy," 4.06 avg rating _яс 13,975 ratings",score: 76,/book/show/22237407-ruthless-people
"Simple Jess (Marrying Stone, #2)",Pamela Morsi," 4.09 avg rating _яс 2,281 ratings",score: 75,/book/show/692935.Simple_Jess
The Sea of Tranquility,Katja Millay," 4.34 avg rating _яс 66,540 ratings",score: 75,/book/show/16151178-the-sea-of-tranquility
Black Lies,Alessandra Torre," 4.32 avg rating _яс 23,059 ratings",score: 75,/book/show/22471294-black-lies
"End of the Innocence (Innocence, #3)",Alessandra Torre," 4.21 avg rating _яс 6,722 ratings",score: 74,/book/show/18618994-end-of-the-innocence
"Shadow Dance (Buchanan, #6)",Julie Garwood," 3.97 avg rating _яс 11,170 ratings",score: 74,/book/show/6203084-shadow-dance
"Killjoy (Buchanan, #3)",Julie Garwood," 3.99 avg rating _яс 11,260 ratings",score: 73,/book/show/6440762-killjoy
Christmas Knight (Draycott Abbey #6),Christina Skye, 4.08 avg rating _яс 265 ratings,score: 72,/book/show/1137680.Christmas_Knight
"Mercury's War (Breeds, #16; Feline Breeds, #10)",Lora Leigh," 4.37 avg rating _яс 10,637 ratings",score: 72,/book/show/2981807-mercury-s-war
"Masked Innocence (Innocence, #2)",Alessandra Torre," 4.15 avg rating _яс 7,498 ratings",score: 72,/book/show/18734971-masked-innocence
"Slow Burn (Buchanan, #5)",Julie Garwood," 4.01 avg rating _яс 12,302 ratings",score: 72,/book/show/5644857-slow-burn
"Murder List (Buchanan, #4)",Julie Garwood," 4.01 avg rating _яс 12,520 ratings",score: 71,/book/show/6012263-murder-list
"Wild (Winston Brothers, #4)",Lori Foster," 4.07 avg rating _яс 2,177 ratings",score: 70,/book/show/763212.Wild
"All He Desires (All or Nothing, #3)",C.C. Gibbs," 4.00 avg rating _яс 3,137 ratings",score: 68,/book/show/18051527-all-he-desires
"Completion (The Kane Trilogy, #3.5)",Stylo Fantome," 4.32 avg rating _яс 4,628 ratings",score: 67,/book/show/23570856-completion
"Reparation (The Kane Trilogy, #3)",Stylo Fantome," 4.26 avg rating _яс 7,062 ratings",score: 66,/book/show/23623313-reparation
"To Die For (Blair Mallory, #1)",Linda Howard," 3.97 avg rating _яс 10,447 ratings",score: 66,/book/show/6478145-to-die-for
"Separation (The Kane Trilogy, #2)",Stylo Fantome," 4.15 avg rating _яс 7,814 ratings",score: 65,/book/show/23262732-separation
"Hard and Fast (Fast Track, #2)",Erin McCarthy," 4.04 avg rating _яс 9,754 ratings",score: 64,/book/show/5303134-hard-and-fast
"Degradation (The Kane Trilogy, #1)",Stylo Fantome," 4.22 avg rating _яс 9,915 ratings",score: 64,/book/show/22760746-degradation
"The Heart of a Hero (Spellbound Falls, #4)",Janet Chapman," 4.28 avg rating _яс 1,320 ratings",score: 63,/book/show/15808401-the-heart-of-a-hero
"Love Irresistibly (FBI/US Attorney, #4)",Julie James," 4.10 avg rating _яс 14,332 ratings",score: 63,/book/show/16043810-love-irresistibly
"A Lot Like Love (FBI/US Attorney, #2)",Julie James," 4.09 avg rating _яс 25,908 ratings",score: 62,/book/show/9807853-a-lot-like-love
Tallchief,Dinah McCall, 4.09 avg rating _яс 624 ratings,score: 60,/book/show/582070.Tallchief
"About That Night (FBI/US Attorney, #3)",Julie James," 4.07 avg rating _яс 19,482 ratings",score: 60,/book/show/12387414-about-that-night
Silver Lining,Maggie Osborne," 4.07 avg rating _яс 4,122 ratings",score: 60,/book/show/467409.Silver_Lining
"Roses in Moonlight (MacLeod, #9; de Piaget/MacLeod, #19)",Lynn Kurland, 4.11 avg rating _яс 914 ratings,score: 59,/book/show/15985376-roses-in-moonlight
"Mine Till Midnight (The Hathaways, #1)",Lisa Kleypas," 4.08 avg rating _яс 46,775 ratings",score: 59,/book/show/8205270-mine-till-midnight
True Betrayals / Montana Sky / Sanctuary,Nora Roberts, 4.40 avg rating _яс 638 ratings,score: 58,/book/show/26051.True_Betrayals_Montana_Sky_Sanctuary
"Born In Trilogy Collection (Born In, #1-3)",Nora Roberts," 4.37 avg rating _яс 6,143 ratings",score: 57,/book/show/114178.Born_In_Trilogy_Collection
"The Perfect Match (Blue Heron, #2)",Kristan Higgins," 4.00 avg rating _яс 10,684 ratings",score: 53,/book/show/17738218-the-perfect-match
Confess,Colleen Hoover," 4.25 avg rating _яс 88,221 ratings",score: 48,/book/show/22609310-confess
"A Heart So Wild (Straton Family, #1)",Johanna Lindsey," 4.04 avg rating _яс 5,166 ratings",score: 47,/book/show/7204399-a-heart-so-wild
"Pearl Jinx (Jinx, #2; Cajun, #6)",Sandra Hill, 4.05 avg rating _яс 718 ratings,score: 46,/book/show/632422.Pearl_Jinx
"Lady Of The Knight (Knights, #3;  The Brocade #4)",Jackie Ivie, 4.00 avg rating _яс 429 ratings,score: 46,/book/show/613972.Lady_Of_The_Knight
"Wild Jinx (Jinx, #3; Cajun, #7)",Sandra Hill, 4.09 avg rating _яс 786 ratings,score: 45,/book/show/2006672.Wild_Jinx
"The Red Hot Cajun (Cajun, #4)",Sandra Hill," 4.21 avg rating _яс 1,307 ratings",score: 44,/book/show/1452237.The_Red_Hot_Cajun
"Tall, Dark, and Cajun (Cajun, #2)",Sandra Hill," 4.07 avg rating _яс 1,621 ratings",score: 43,/book/show/680231.Tall_Dark_and_Cajun
Loving Mr. Daniels,Brittainy C. Cherry," 4.28 avg rating _яс 22,178 ratings",score: 43,/book/show/20348781-loving-mr-daniels
"The Cajun Cowboy (Cajun, #3)",Sandra Hill," 4.10 avg rating _яс 1,302 ratings",score: 42,/book/show/1412055.The_Cajun_Cowboy
"Heart-Shaped Hack (Kate and Ian, #1)",Tracey Garvis-Graves," 4.09 avg rating _яс 7,385 ratings",score: 42,/book/show/25630718-heart-shaped-hack
"White-Hot Hack (Kate and Ian, #2)",Tracey Garvis-Graves," 4.03 avg rating _яс 2,106 ratings",score: 40,/book/show/26188799-white-hot-hack
The Proposal (The Survivors' Club #1),Mary Balogh," 3.78 avg rating _яс 6,726 ratings",score: 39,/book/show/12707039-the-proposal
The Arrangement (The Survivors' Club #2),Mary Balogh," 3.83 avg rating _яс 5,899 ratings",score: 38,/book/show/15797358-the-arrangement
"The Score (Off-Campus, #3)",Elle Kennedy," 4.27 avg rating _яс 36,000 ratings",score: 37,/book/show/27252717-the-score
"Sizzle and Burn (Arcane Society, #3)",Jayne Ann Krentz," 4.05 avg rating _яс 7,795 ratings",score: 36,/book/show/689486.Sizzle_and_Burn
"Saddled and Spurred (Blacktop Cowboys, #2)",Lorelei James," 4.24 avg rating _яс 5,578 ratings",score: 35,/book/show/8409257-saddled-and-spurred
The Villa,Nora Roberts," 3.94 avg rating _яс 22,234 ratings",score: 35,/book/show/6448505-the-villa
"Beautiful Secret (Beautiful Bastard, #4)",Christina Lauren," 4.13 avg rating _яс 20,098 ratings",score: 35,/book/show/22431039-beautiful-secret
Montana Sky,Nora Roberts," 4.07 avg rating _яс 38,737 ratings",score: 34,/book/show/6485479-montana-sky
The Hart Brothers: Simon & Callaghan,Diana Palmer, 4.24 avg rating _яс 683 ratings,score: 33,/book/show/959076.The_Hart_Brothers
The Witness,Nora Roberts," 4.19 avg rating _яс 50,054 ratings",score: 33,/book/show/13606595-the-witness
"Charmed by His Love (Spellbound Falls, #2)",Janet Chapman," 4.26 avg rating _яс 1,595 ratings",score: 32,/book/show/13113057-charmed-by-his-love
The Liar,Nora Roberts," 3.95 avg rating _яс 24,944 ratings",score: 32,/book/show/23431131-the-liar
"Cake: A Love Story (Cake, #1)",J. Bengtsson," 4.25 avg rating _яс 5,946 ratings",score: 32,/book/show/30815927-cake
"A Highlander of Her Own (Daughters of the Glen, #4)",Melissa Mayhue," 4.20 avg rating _яс 2,067 ratings",score: 31,/book/show/3537854-a-highlander-of-her-own
Birthright,Nora Roberts," 3.99 avg rating _яс 20,622 ratings",score: 31,/book/show/6606316-birthright
"The Theory of Second Best (Cake, #2)",J. Bengtsson, 4.32 avg rating _яс 981 ratings,score: 31,/book/show/33597338-the-theory-of-second-best
"Hot & Heavy (Viking II, #5)",Sandra Hill, 4.22 avg rating _яс 966 ratings,score: 30,/book/show/1479504.Hot_Heavy
Hidden Riches,Nora Roberts," 3.97 avg rating _яс 14,414 ratings",score: 30,/book/show/6307421-hidden-riches
"Simply Irresistible (Lucky Harbor, #1)",Jill Shalvis," 3.92 avg rating _яс 28,970 ratings",score: 29,/book/show/9419029-simply-irresistible
Lucky Streak (Lucky #2),Carly Phillips," 4.01 avg rating _яс 3,159 ratings",score: 28,/book/show/5022095-lucky-streak
"Head Over Heels (Lucky Harbor, #3)",Jill Shalvis," 4.16 avg rating _яс 17,545 ratings",score: 27,/book/show/10599302-head-over-heels
Hot Number (Hot Zone #2),Carly Phillips," 4.04 avg rating _яс 6,988 ratings",score: 26,/book/show/16222.Hot_Number
"Lucky in Love (Lucky Harbor, #4)",Jill Shalvis," 4.21 avg rating _яс 12,475 ratings",score: 26,/book/show/13327025-lucky-in-love
"Forever and a Day (Lucky Harbor, #6)",Jill Shalvis," 4.24 avg rating _яс 11,509 ratings",score: 25,/book/show/13375700-forever-and-a-day
"At Last (Lucky Harbor, #5)",Jill Shalvis," 4.16 avg rating _яс 10,883 ratings",score: 24,/book/show/13224097-at-last