capable,phenomenal
capable,star
capable,war
capable,course
phenomenal,star
phenomenal,war
phenomenal,course
star,war
star,course
war,course
longest,life
longest,gratuitous
longest,naked
longest,young
longest,female
longest,long
life,gratuitous
life,naked
life,young
life,female
life,long
gratuitous,naked
gratuitous,young
gratuitous,female
gratuitous,long
naked,young
naked,female
naked,long
young,female
young,long
female,long
history,left
denis,weakest
music,traditional
music,soundtrack
music,traditional
traditional,soundtrack
traditional,traditional
soundtrack,traditional
bloody,hell
bloody,music
bloody,chill
hell,music
hell,chill
music,chill
stigao,recenziju
ecco,prove
icymi,insider
icymi,club
insider,club
icymi,insider
icymi,club
insider,club
gonna,cause
gonna,friend
gonna,boy
gonna,marketer
gonna,tough
gonna,job
cause,friend
cause,boy
cause,marketer
cause,tough
cause,job
friend,boy
friend,marketer
friend,tough
friend,job
boy,marketer
boy,tough
boy,job
marketer,tough
marketer,job
tough,job
absolute,triumph
absolute,triumph
performance,blade
performance,runner
blade,runner
blade,runner
blade,spot
blade,stop
runner,spot
runner,stop
spot,stop
long,waited
ago,resist
ago,returning
resist,returning
star,pressure
star,starring
pressure,starring
absolute,triumph
star,pressure
star,starring
pressure,starring
swift,drink
swift,future
swift,dystopian
swift,beautiful
swift,night
drink,future
drink,dystopian
drink,beautiful
drink,night
future,dystopian
future,beautiful
future,night
dystopian,beautiful
dystopian,night
beautiful,night
life,sad
life,trombone
sad,trombone
blade,runner
blade,thursday
blade,total
runner,thursday
runner,total
thursday,total
service,notify
service,government
service,replicant
service,asking
service,friend
notify,government
notify,replicant
notify,asking
notify,friend
government,replicant
government,asking
government,friend
replicant,asking
replicant,friend
asking,friend
equally,feed
equally,harrison
equally,ford
equally,dog
feed,harrison
feed,ford
feed,dog
harrison,ford
harrison,dog
ford,dog
magnificent,holy
magnificent,moly
holy,moly
pain,learn
pain,damn
pain,playing
pain,head
learn,damn
learn,playing
learn,head
damn,playing
damn,head
playing,head
cinematography,alone
cinematography,stunning
cinematography,screen
cinematography,rest
cinematography,hype
alone,stunning
alone,screen
alone,rest
alone,hype
stunning,screen
stunning,rest
stunning,hype
screen,rest
screen,hype
rest,hype
brilliant,sequel
brilliant,justice
brilliant,built
brilliant,upon
brilliant,far
sequel,justice
sequel,built
sequel,upon
sequel,far
justice,built
justice,upon
justice,far
built,upon
built,far
upon,far
aesthetically,beautiful
aesthetically,narratively
aesthetically,incomplete
aesthetically,wait
aesthetically,ending
aesthetically,credit
beautiful,narratively
beautiful,incomplete
beautiful,wait
beautiful,ending
beautiful,credit
narratively,incomplete
narratively,wait
narratively,ending
narratively,credit
incomplete,wait
incomplete,ending
incomplete,credit
wait,ending
wait,credit
ending,credit
word,truly
word,describe
word,amazing
truly,describe
truly,amazing
describe,amazing
start,cannot
start,wait
cannot,wait
blade,runner
blade,red
blade,carpet
runner,red
runner,carpet
red,carpet
absolute,triumph
miss,weekend
three,landscaping
three,heightening
three,artistic
three,integrity
three,making
landscaping,heightening
landscaping,artistic
landscaping,integrity
landscaping,making
heightening,artistic
heightening,integrity
heightening,making
artistic,integrity
artistic,making
integrity,making
championing,magnificent
championing,wept
championing,end
magnificent,wept
magnificent,end
wept,end
diez,datos
diez,curiosos
datos,curiosos
flop,decided
flop,share
flop,view
flop,spoiler
decided,share
decided,view
decided,spoiler
share,view
share,spoiler
view,spoiler
almost,indeed
almost,length
almost,long
indeed,length
indeed,long
length,long
blade,runner
blade,brilliant
blade,ryan
blade,gosling
blade,jacket
runner,brilliant
runner,ryan
runner,gosling
runner,jacket
brilliant,ryan
brilliant,gosling
brilliant,jacket
ryan,gosling
ryan,jacket
gosling,jacket
ago,booked
disappointed,brain
disappointed,heart
disappointed,happy
brain,heart
brain,happy
heart,happy
human,human
masterpiece,visuals
masterpiece,cinematography
masterpiece,landscape
masterpiece,immersive
visuals,cinematography
visuals,landscape
visuals,immersive
cinematography,landscape
cinematography,immersive
landscape,immersive
quality,far
interesting,extremely
interesting,boring
extremely,boring
saying,incredibly
saying,excited
saying,blade
saying,runner
saying,egregious
saying,understatement
saying,runn
incredibly,excited
incredibly,blade
incredibly,runner
incredibly,egregious
incredibly,understatement
incredibly,runn
excited,blade
excited,runner
excited,egregious
excited,understatement
excited,runn
blade,runner
blade,egregious
blade,understatement
blade,runn
runner,egregious
runner,understatement
runner,runn
egregious,understatement
egregious,runn
understatement,runn
discussion,check
discussion,bos
check,bos
star,pressure
star,starring
pressure,starring
tooooo,loud
tooooo,toooo
tooooo,long
tooooo,dun
tooooo,sense
loud,toooo
loud,long
loud,dun
loud,sense
toooo,long
toooo,dun
toooo,sense
long,dun
long,sense
dun,sense
watching,visually
watching,stunning
watching,opportunity
visually,stunning
visually,opportunity
stunning,opportunity
joi,luv
fan,spoken
fan,playing
spoken,playing
fan,spoken
fan,playing
spoken,playing
episode,denis
episode,villeneuve
episode,rian
episode,johnson
episode,director
episode,cut
denis,villeneuve
denis,rian
denis,johnson
denis,director
denis,cut
villeneuve,rian
villeneuve,johnson
villeneuve,director
villeneuve,cut
rian,johnson
rian,director
rian,cut
johnson,director
johnson,cut
director,cut
sick,misogyny
showed,rock
showed,bladerunnermovie
rock,bladerunnermovie
ankara,rkiye
adnanespn,esoteric
adnanespn,ethereal
adnanespn,soundtrack
adnanespn,scottfeinberg
adnanespn,harvey
esoteric,ethereal
esoteric,soundtrack
esoteric,scottfeinberg
esoteric,harvey
ethereal,soundtrack
ethereal,scottfeinberg
ethereal,harvey
soundtrack,scottfeinberg
soundtrack,harvey
scottfeinberg,harvey
sorry,part
sorry,amicably
part,amicably
blimmin,eck
blimmin,intense
blimmin,bee
blimmin,feeding
eck,intense
eck,bee
eck,feeding
intense,bee
intense,feeding
bee,feeding
final,scene
final,justed
final,waited
final,hero
final,lay
final,stair
scene,justed
scene,waited
scene,hero
scene,lay
scene,stair
justed,waited
justed,hero
justed,lay
justed,stair
waited,hero
waited,lay
waited,stair
hero,lay
hero,stair
lay,stair
smashing,move
smashing,slowly
move,slowly
actually,adult
actually,birth
actually,cut
actually,belly
actually,point
adult,birth
adult,cut
adult,belly
adult,point
birth,cut
birth,belly
birth,point
cut,belly
cut,point
belly,point
everyone,must
everyone,witness
everyone,glory
must,witness
must,glory
witness,glory
night,might
night,beat
night,favorite
might,beat
might,favorite
beat,favorite
absolute,masterpiece
absolute,cannot
masterpiece,cannot
alright,joke
alright,pissed
alright,wesley
alright,snipe
joke,pissed
joke,wesley
joke,snipe
pissed,wesley
pissed,snipe
wesley,snipe
hold,hand
hold,watching
hold,together
hold,smile
hold,appears
hand,watching
hand,together
hand,smile
hand,appears
watching,together
watching,smile
watching,appears
together,smile
together,appears
smile,appears
technical,masterpiece
technical,visuals
technical,mix
technical,practical
technical,cgi
technical,amazing
technical,sound
technical,design
technical,score
masterpiece,visuals
masterpiece,mix
masterpiece,practical
masterpiece,cgi
masterpiece,amazing
masterpiece,sound
masterpiece,design
masterpiece,score
visuals,mix
visuals,practical
visuals,cgi
visuals,amazing
visuals,sound
visuals,design
visuals,score
mix,practical
mix,cgi
mix,amazing
mix,sound
mix,design
mix,score
practical,cgi
practical,amazing
practical,sound
practical,design
practical,score
cgi,amazing
cgi,sound
cgi,design
cgi,score
amazing,sound
amazing,design
amazing,score
sound,design
sound,score
design,score
holy,apologising
holy,wife
holy,kid
holy,future
holy,beautiful
apologising,wife
apologising,kid
apologising,future
apologising,beautiful
wife,kid
wife,future
wife,beautiful
kid,future
kid,beautiful
future,beautiful
glimpse,future
ryan,gosling
ryan,keep
ryan,interested
ryan,fair
ryan,though
ryan,tough
ryan,shattered
gosling,keep
gosling,interested
gosling,fair
gosling,though
gosling,tough
gosling,shattered
keep,interested
keep,fair
keep,though
keep,tough
keep,shattered
interested,fair
interested,though
interested,tough
interested,shattered
fair,though
fair,tough
fair,shattered
though,tough
though,shattered
tough,shattered
blade,runner
blade,decent
blade,tied
runner,decent
runner,tied
decent,tied
heard,rubbish
heard,everyone
rubbish,everyone
cuddle,watching
cuddle,compliment
cuddle,performance
watching,compliment
watching,performance
compliment,performance
android,relationship
android,discussion
relationship,discussion
regal,jack
regal,london
jack,london
visual,feast
visual,sound
visual,design
visual,die
feast,sound
feast,design
feast,die
sound,design
sound,die
design,die
glimpse,future
turned,sequel
turned,might
turned,memory
turned,implant
turned,talki
sequel,might
sequel,memory
sequel,implant
sequel,talki
might,memory
might,implant
might,talki
memory,implant
memory,talki
implant,talki
superb,huge
superb,fan
superb,disappointed
huge,fan
huge,disappointed
fan,disappointed
joe,joe
joe,joe
joe,joe
alcon,entertainment
alcon,llc
alcon,warner
alcon,bros
alcon,entertainment
alcon,inc
entertainment,llc
entertainment,warner
entertainment,bros
entertainment,entertainment
entertainment,inc
llc,warner
llc,bros
llc,entertainment
llc,inc
warner,bros
warner,entertainment
warner,inc
bros,entertainment
bros,inc
entertainment,inc
sound,stunning
sound,quite
sound,speechless
stunning,quite
stunning,speechless
quite,speechless
marvel,filmmaking
marvel,beautiful
filmmaking,beautiful
blade,runner
blade,rounded
blade,holy
blade,shit
blade,music
blade,sound
blade,cinematography
runner,rounded
runner,holy
runner,shit
runner,music
runner,sound
runner,cinematography
rounded,holy
rounded,shit
rounded,music
rounded,sound
rounded,cinematography
holy,shit
holy,music
holy,sound
holy,cinematography
shit,music
shit,sound
shit,cinematography
music,sound
music,cinematography
sound,cinematography
night,amazing
night,disappointing
night,issue
night,female
amazing,disappointing
amazing,issue
amazing,female
disappointing,issue
disappointing,female
issue,female
doe,ryan
doe,gosling
doe,badass
doe,jacket
ryan,gosling
ryan,badass
ryan,jacket
gosling,badass
gosling,jacket
badass,jacket
joe,joe
joe,joe
joe,joe
probably,sequel
probably,since
probably,empire
probably,strike
probably,freaking
probably,must
probably,masterpiece
sequel,since
sequel,empire
sequel,strike
sequel,freaking
sequel,must
sequel,masterpiece
since,empire
since,strike
since,freaking
since,must
since,masterpiece
empire,strike
empire,freaking
empire,must
empire,masterpiece
strike,freaking
strike,must
strike,masterpiece
freaking,must
freaking,masterpiece
must,masterpiece
awe,soundtrack
awe,jesus
soundtrack,jesus
triple,marathon
triple,completed
triple,quite
marathon,completed
marathon,quite
completed,quite
man,stunning
news,rapey
news,objectifies
news,woman
news,hollywood
news,roll
rapey,objectifies
rapey,woman
rapey,hollywood
rapey,roll
objectifies,woman
objectifies,hollywood
objectifies,roll
woman,hollywood
woman,roll
hollywood,roll
might,little
might,long
might,beautiful
might,amazing
little,long
little,beautiful
little,amazing
long,beautiful
long,amazing
beautiful,amazing
news,steve
news,miller
news,robert
news,plant
news,poem
steve,miller
steve,robert
steve,plant
steve,poem
miller,robert
miller,plant
miller,poem
robert,plant
robert,poem
plant,poem
blade,runner
blade,easily
blade,favorite
blade,spoiler
runner,easily
runner,favorite
runner,spoiler
easily,favorite
easily,spoiler
favorite,spoiler
blade,runner
blade,easily
blade,favorite
blade,spoiler
runner,easily
runner,favorite
runner,spoiler
easily,favorite
easily,spoiler
favorite,spoiler
human,psyce
human,future
psyce,future
wait,bring
qua,sfeerzetting
qua,kon
qua,dat
qua,tellen
sfeerzetting,kon
sfeerzetting,dat
sfeerzetting,tellen
kon,dat
kon,tellen
dat,tellen
round,completed
round,round
completed,round
villeneuve,already
villeneuve,trilogy
villeneuve,collect
villeneuve,cherish
already,trilogy
already,collect
already,cherish
trilogy,collect
trilogy,cherish
collect,cherish
viewing,unsure
viewing,felt
viewing,viewing
viewing,may
viewing,fave
unsure,felt
unsure,viewing
unsure,may
unsure,fave
felt,viewing
felt,may
felt,fave
viewing,may
viewing,fave
may,fave
watching,boredom
visuals,music
might,little
might,long
might,beautiful
might,amazing
little,long
little,beautiful
little,amazing
long,beautiful
long,amazing
beautiful,amazing
human,replicants
beautiful,dreamy
beautiful,worldbuilding
beautiful,soundtrack
beautiful,gorgeous
beautiful,bit
beautiful,long
beautiful,though
dreamy,worldbuilding
dreamy,soundtrack
dreamy,gorgeous
dreamy,bit
dreamy,long
dreamy,though
worldbuilding,soundtrack
worldbuilding,gorgeous
worldbuilding,bit
worldbuilding,long
worldbuilding,though
soundtrack,gorgeous
soundtrack,bit
soundtrack,long
soundtrack,though
gorgeous,bit
gorgeous,long
gorgeous,though
bit,long
bit,though
long,though
drunk,sex
drunk,start
drunk,gonna
drunk,end
drunk,longer
sex,start
sex,gonna
sex,end
sex,longer
start,gonna
start,end
start,longer
gonna,end
gonna,longer
end,longer
walked,amazing
walked,shot
walked,sound
walked,half
walked,long
amazing,shot
amazing,sound
amazing,half
amazing,long
shot,sound
shot,half
shot,long
sound,half
sound,long
half,long
uploading,soon
est,mal
est,querer
est,ver
est,por
est,vez
est,cine
mal,querer
mal,ver
mal,por
mal,vez
mal,cine
querer,ver
querer,por
querer,vez
querer,cine
ver,por
ver,vez
ver,cine
por,vez
por,cine
vez,cine
luv,villainous
luv,female
luv,replicant
luv,little
luv,cartoony
luv,deadly
luv,frau
luv,farbissina
villainous,female
villainous,replicant
villainous,little
villainous,cartoony
villainous,deadly
villainous,frau
villainous,farbissina
female,replicant
female,little
female,cartoony
female,deadly
female,frau
female,farbissina
replicant,little
replicant,cartoony
replicant,deadly
replicant,frau
replicant,farbissina
little,cartoony
little,deadly
little,frau
little,farbissina
cartoony,deadly
cartoony,frau
cartoony,farbissina
deadly,frau
deadly,farbissina
frau,farbissina
done,class
goodness,lived
goodness,hype
goodness,stunning
lived,hype
lived,stunning
hype,stunning
sublime,visual
sublime,masterpiece
visual,masterpiece
visually,stunning
visually,beautiful
visually,ryan
visually,gosling
visually,though
visually,helped
stunning,beautiful
stunning,ryan
stunning,gosling
stunning,though
stunning,helped
beautiful,ryan
beautiful,gosling
beautiful,though
beautiful,helped
ryan,gosling
ryan,though
ryan,helped
gosling,though
gosling,helped
though,helped
night,pretty
blade,runner
glimpse,future
greatest,sci
greatest,masterfully
greatest,crafted
greatest,area
greatest,huge
sci,masterfully
sci,crafted
sci,area
sci,huge
masterfully,crafted
masterfully,area
masterfully,huge
crafted,area
crafted,huge
area,huge
playing,halifax
worthy,sequel
worthy,raise
worthy,philosophical
worthy,fall
worthy,genre
sequel,raise
sequel,philosophical
sequel,fall
sequel,genre
raise,philosophical
raise,fall
raise,genre
philosophical,fall
philosophical,genre
fall,genre
fog,mind
fog,blowing
mind,blowing
nuanced,beautiful
nuanced,rare
nuanced,unassuming
nuanced,creepingly
nuanced,slow
nuanced,pace
nuanced,amplified
nuanced,fellow
nuanced,goer
nuanced,pure
nuanced,chimp
nuanced,however
beautiful,rare
beautiful,unassuming
beautiful,creepingly
beautiful,slow
beautiful,pace
beautiful,amplified
beautiful,fellow
beautiful,goer
beautiful,pure
beautiful,chimp
beautiful,however
rare,unassuming
rare,creepingly
rare,slow
rare,pace
rare,amplified
rare,fellow
rare,goer
rare,pure
rare,chimp
rare,however
unassuming,creepingly
unassuming,slow
unassuming,pace
unassuming,amplified
unassuming,fellow
unassuming,goer
unassuming,pure
unassuming,chimp
unassuming,however
creepingly,slow
creepingly,pace
creepingly,amplified
creepingly,fellow
creepingly,goer
creepingly,pure
creepingly,chimp
creepingly,however
slow,pace
slow,amplified
slow,fellow
slow,goer
slow,pure
slow,chimp
slow,however
pace,amplified
pace,fellow
pace,goer
pace,pure
pace,chimp
pace,however
amplified,fellow
amplified,goer
amplified,pure
amplified,chimp
amplified,however
fellow,goer
fellow,pure
fellow,chimp
fellow,however
goer,pure
goer,chimp
goer,however
pure,chimp
pure,however
chimp,however
highly,anticipated
highly,check
anticipated,check
secretly,wanting
secretly,dad
secretly,understandable
wanting,dad
wanting,understandable
dad,understandable
visually,stunning
visually,cinematic
visually,experience
stunning,cinematic
stunning,experience
cinematic,experience
extremely,slow
extremely,paced
extremely,aware
slow,paced
slow,aware
paced,aware
hope,weekend
performance,cast
performance,escape
performance,utter
performance,tedium
performance,sit
performance,far
performance,slow
performance,moving
performance,snorefest
cast,escape
cast,utter
cast,tedium
cast,sit
cast,far
cast,slow
cast,moving
cast,snorefest
escape,utter
escape,tedium
escape,sit
escape,far
escape,slow
escape,moving
escape,snorefest
utter,tedium
utter,sit
utter,far
utter,slow
utter,moving
utter,snorefest
tedium,sit
tedium,far
tedium,slow
tedium,moving
tedium,snorefest
sit,far
sit,slow
sit,moving
sit,snorefest
far,slow
far,moving
far,snorefest
slow,moving
slow,snorefest
moving,snorefest
blade,runner
blade,win
blade,least
blade,oscar
blade,cinematography
blade,boycotting
blade,award
runner,win
runner,least
runner,oscar
runner,cinematography
runner,boycotting
runner,award
win,least
win,oscar
win,cinematography
win,boycotting
win,award
least,oscar
least,cinematography
least,boycotting
least,award
oscar,cinematography
oscar,boycotting
oscar,award
cinematography,boycotting
cinematography,award
boycotting,award
filmin,toplam
filmin,nda
filmin,endi
filmin,sahne
toplam,nda
toplam,endi
toplam,sahne
nda,endi
nda,sahne
endi,sahne
weekend,plan
weekend,sushi
weekend,weekend
plan,sushi
plan,weekend
sushi,weekend
stopping,till
stopping,manifestly
till,manifestly
wondering,must
wondering,check
must,check
rather,finished
rather,watching
rather,stayed
rather,true
rather,anyhow
finished,watching
finished,stayed
finished,true
finished,anyhow
watching,stayed
watching,true
watching,anyhow
stayed,true
stayed,anyhow
true,anyhow
blown,away
blown,sound
blown,design
blown,insane
away,sound
away,design
away,insane
sound,design
sound,insane
design,insane
damn,replicants
alert,fan
alert,dire
fan,dire
happen,piece
happen,cheese
happen,sounded
happen,regan
piece,cheese
piece,sounded
piece,regan
cheese,sounded
cheese,regan
sounded,regan
seriously,obsessed
blade,runner
blade,fucking
blade,incredible
blade,outstanding
runner,fucking
runner,incredible
runner,outstanding
fucking,incredible
fucking,outstanding
incredible,outstanding
twitter,significance
twitter,peter
twitter,wolf
twitter,blade
twitter,runner
twitter,plz
significance,peter
significance,wolf
significance,blade
significance,runner
significance,plz
peter,wolf
peter,blade
peter,runner
peter,plz
wolf,blade
wolf,runner
wolf,plz
blade,runner
blade,plz
runner,plz
probably,length
probably,wanna
length,wanna
popped,machine
popped,picked
machine,picked
team,job
team,true
job,true
blade,runner
blade,bomb
runner,bomb
dull,interesting
dull,monotonous
dull,beautiful
dull,cinematography
dull,stunning
interesting,monotonous
interesting,beautiful
interesting,cinematography
interesting,stunning
monotonous,beautiful
monotonous,cinematography
monotonous,stunning
beautiful,cinematography
beautiful,stunning
cinematography,stunning
blown,away
blown,feel
blown,sorry
blown,everyone
away,feel
away,sorry
away,everyone
feel,sorry
feel,everyone
sorry,everyone
limp,dick
fire,lord
fire,phenomenal
lord,phenomenal
catch,weekend
catch,check
weekend,check
winner,congrats
winner,prize
winner,everyone
congrats,prize
congrats,everyone
prize,everyone
truth,happened
truth,dekkard
truth,dog
happened,dekkard
happened,dog
dekkard,dog
advertised,fury
advertised,roaded
fury,roaded
might,visually
might,beautiful
might,stunning
might,wonderful
visually,beautiful
visually,stunning
visually,wonderful
beautiful,stunning
beautiful,wonderful
stunning,wonderful
hope,fan
speaking,sequel
speaking,name
sequel,name
news,steve
news,miller
steve,miller
pissing,flopping
pissing,big
pissing,incredible
pissing,piece
pissing,often
flopping,big
flopping,incredible
flopping,piece
flopping,often
big,incredible
big,piece
big,often
incredible,piece
incredible,often
piece,often
epeydir,sinemada
epeydir,bir
epeydir,izlememi
epeydir,tim
epeydir,crelerime
epeydir,kadar
epeydir,doldum
sinemada,bir
sinemada,izlememi
sinemada,tim
sinemada,crelerime
sinemada,kadar
sinemada,doldum
bir,izlememi
bir,tim
bir,crelerime
bir,kadar
bir,doldum
izlememi,tim
izlememi,crelerime
izlememi,kadar
izlememi,doldum
tim,crelerime
tim,kadar
tim,doldum
crelerime,kadar
crelerime,doldum
kadar,doldum
blog,tech
blog,society
blog,singularity
tech,society
tech,singularity
society,singularity
wanted,ended
wanted,hating
ended,hating
check,insanely
check,talented
check,filmmaker
check,interview
check,incredible
insanely,talented
insanely,filmmaker
insanely,interview
insanely,incredible
talented,filmmaker
talented,interview
talented,incredible
filmmaker,interview
filmmaker,incredible
interview,incredible
blade,runner
hell,waited
hell,redbox
hell,slow
waited,redbox
waited,slow
redbox,slow
rick,deckard
rick,gasping
rick,cheese
rick,toasty
deckard,gasping
deckard,cheese
deckard,toasty
gasping,cheese
gasping,toasty
cheese,toasty
soundtrack,spine
soundtrack,tingling
soundtrack,epic
spine,tingling
spine,epic
tingling,epic
format,chain
format,trailer
format,box
format,office
chain,trailer
chain,box
chain,office
trailer,box
trailer,office
box,office
writer,took
writer,full
writer,advantage
writer,getting
writer,work
writer,revisit
took,full
took,advantage
took,getting
took,work
took,revisit
full,advantage
full,getting
full,work
full,revisit
advantage,getting
advantage,work
advantage,revisit
getting,work
getting,revisit
work,revisit
greatest,ding
greatest,ling
ding,ling
mejorcito,del
mejorcito,visualmente
mejorcito,una
mejorcito,pasada
mejorcito,sica
mejorcito,bestial
mejorcito,gosling
mejorcito,hace
mejorcito,papel
mejorcito,mejor
mejorcito,primera
del,visualmente
del,una
del,pasada
del,sica
del,bestial
del,gosling
del,hace
del,papel
del,mejor
del,primera
visualmente,una
visualmente,pasada
visualmente,sica
visualmente,bestial
visualmente,gosling
visualmente,hace
visualmente,papel
visualmente,mejor
visualmente,primera
una,pasada
una,sica
una,bestial
una,gosling
una,hace
una,papel
una,mejor
una,primera
pasada,sica
pasada,bestial
pasada,gosling
pasada,hace
pasada,papel
pasada,mejor
pasada,primera
sica,bestial
sica,gosling
sica,hace
sica,papel
sica,mejor
sica,primera
bestial,gosling
bestial,hace
bestial,papel
bestial,mejor
bestial,primera
gosling,hace
gosling,papel
gosling,mejor
gosling,primera
hace,papel
hace,mejor
hace,primera
papel,mejor
papel,primera
mejor,primera
sci,denis
sci,villeneuve
sci,capable
sci,making
denis,villeneuve
denis,capable
denis,making
villeneuve,capable
villeneuve,making
capable,making
meskipun,nilainya
meskipun,imdb
meskipun,dan
meskipun,rotten
meskipun,tomato
meskipun,entah
meskipun,kenapa
meskipun,saya
meskipun,bisa
meskipun,menikmati
nilainya,imdb
nilainya,dan
nilainya,rotten
nilainya,tomato
nilainya,entah
nilainya,kenapa
nilainya,saya
nilainya,bisa
nilainya,menikmati
imdb,dan
imdb,rotten
imdb,tomato
imdb,entah
imdb,kenapa
imdb,saya
imdb,bisa
imdb,menikmati
dan,rotten
dan,tomato
dan,entah
dan,kenapa
dan,saya
dan,bisa
dan,menikmati
rotten,tomato
rotten,entah
rotten,kenapa
rotten,saya
rotten,bisa
rotten,menikmati
tomato,entah
tomato,kenapa
tomato,saya
tomato,bisa
tomato,menikmati
entah,kenapa
entah,saya
entah,bisa
entah,menikmati
kenapa,saya
kenapa,bisa
kenapa,menikmati
saya,bisa
saya,menikmati
bisa,menikmati
thankfully,blade
thankfully,runner
thankfully,held
thankfully,worth
thankfully,second
blade,runner
blade,held
blade,worth
blade,second
runner,held
runner,worth
runner,second
held,worth
held,second
worth,second
follow,add
liked,ago
liked,thinking
ago,thinking
dengan,lama
dengan,jam
dengan,menit
dengan,seharusnya
dengan,bisa
dengan,mengeskplor
dengan,beberapa
dengan,karakter
dengan,lebih
dengan,dalam
dengan,bukan
dengan,hanya
dengan,karakter
dengan,utama
dengan,saja
lama,jam
lama,menit
lama,seharusnya
lama,bisa
lama,mengeskplor
lama,beberapa
lama,karakter
lama,lebih
lama,dalam
lama,bukan
lama,hanya
lama,karakter
lama,utama
lama,saja
jam,menit
jam,seharusnya
jam,bisa
jam,mengeskplor
jam,beberapa
jam,karakter
jam,lebih
jam,dalam
jam,bukan
jam,hanya
jam,karakter
jam,utama
jam,saja
menit,seharusnya
menit,bisa
menit,mengeskplor
menit,beberapa
menit,karakter
menit,lebih
menit,dalam
menit,bukan
menit,hanya
menit,karakter
menit,utama
menit,saja
seharusnya,bisa
seharusnya,mengeskplor
seharusnya,beberapa
seharusnya,karakter
seharusnya,lebih
seharusnya,dalam
seharusnya,bukan
seharusnya,hanya
seharusnya,karakter
seharusnya,utama
seharusnya,saja
bisa,mengeskplor
bisa,beberapa
bisa,karakter
bisa,lebih
bisa,dalam
bisa,bukan
bisa,hanya
bisa,karakter
bisa,utama
bisa,saja
mengeskplor,beberapa
mengeskplor,karakter
mengeskplor,lebih
mengeskplor,dalam
mengeskplor,bukan
mengeskplor,hanya
mengeskplor,karakter
mengeskplor,utama
mengeskplor,saja
beberapa,karakter
beberapa,lebih
beberapa,dalam
beberapa,bukan
beberapa,hanya
beberapa,karakter
beberapa,utama
beberapa,saja
karakter,lebih
karakter,dalam
karakter,bukan
karakter,hanya
karakter,karakter
karakter,utama
karakter,saja
lebih,dalam
lebih,bukan
lebih,hanya
lebih,karakter
lebih,utama
lebih,saja
dalam,bukan
dalam,hanya
dalam,karakter
dalam,utama
dalam,saja
bukan,hanya
bukan,karakter
bukan,utama
bukan,saja
hanya,karakter
hanya,utama
hanya,saja
karakter,utama
karakter,saja
utama,saja
blown,away
blown,incredible
away,incredible
era,blade
era,runner
blade,runner
cabronamente,cabrona
cabronamente,est
cabronamente,blade
cabronamente,runner
cabrona,est
cabrona,blade
cabrona,runner
est,blade
est,runner
blade,runner
sound,design
sound,blade
sound,runner
sound,forcing
sound,upgrade
sound,studio
sound,monitor
sound,system
design,blade
design,runner
design,forcing
design,upgrade
design,studio
design,monitor
design,system
blade,runner
blade,forcing
blade,upgrade
blade,studio
blade,monitor
blade,system
runner,forcing
runner,upgrade
runner,studio
runner,monitor
runner,system
forcing,upgrade
forcing,studio
forcing,monitor
forcing,system
upgrade,studio
upgrade,monitor
upgrade,system
studio,monitor
studio,system
monitor,system
blade,runner
blade,might
runner,might
alur,cerita
alur,sangat
alur,lambat
alur,kayak
alur,horror
alur,aja
alur,dan
alur,endingnya
alur,agak
alur,krik
alur,akting
alur,pemainnya
alur,juga
alur,biasa
alur,aja
cerita,sangat
cerita,lambat
cerita,kayak
cerita,horror
cerita,aja
cerita,dan
cerita,endingnya
cerita,agak
cerita,krik
cerita,akting
cerita,pemainnya
cerita,juga
cerita,biasa
cerita,aja
sangat,lambat
sangat,kayak
sangat,horror
sangat,aja
sangat,dan
sangat,endingnya
sangat,agak
sangat,krik
sangat,akting
sangat,pemainnya
sangat,juga
sangat,biasa
sangat,aja
lambat,kayak
lambat,horror
lambat,aja
lambat,dan
lambat,endingnya
lambat,agak
lambat,krik
lambat,akting
lambat,pemainnya
lambat,juga
lambat,biasa
lambat,aja
kayak,horror
kayak,aja
kayak,dan
kayak,endingnya
kayak,agak
kayak,krik
kayak,akting
kayak,pemainnya
kayak,juga
kayak,biasa
kayak,aja
horror,aja
horror,dan
horror,endingnya
horror,agak
horror,krik
horror,akting
horror,pemainnya
horror,juga
horror,biasa
horror,aja
aja,dan
aja,endingnya
aja,agak
aja,krik
aja,akting
aja,pemainnya
aja,juga
aja,biasa
aja,aja
dan,endingnya
dan,agak
dan,krik
dan,akting
dan,pemainnya
dan,juga
dan,biasa
dan,aja
endingnya,agak
endingnya,krik
endingnya,akting
endingnya,pemainnya
endingnya,juga
endingnya,biasa
endingnya,aja
agak,krik
agak,akting
agak,pemainnya
agak,juga
agak,biasa
agak,aja
krik,akting
krik,pemainnya
krik,juga
krik,biasa
krik,aja
akting,pemainnya
akting,juga
akting,biasa
akting,aja
pemainnya,juga
pemainnya,biasa
pemainnya,aja
juga,biasa
juga,aja
biasa,aja
trusted,specially
minute,rest
minute,missed
minute,damn
minute,replicants
minute,must
minute,warp
rest,missed
rest,damn
rest,replicants
rest,must
rest,warp
missed,damn
missed,replicants
missed,must
missed,warp
damn,replicants
damn,must
damn,warp
replicants,must
replicants,warp
must,warp
screening,yesterday
screening,thinking
yesterday,thinking
sinematografi,nya
sinematografi,oke
sinematografi,sound
sinematografi,dan
sinematografi,music
sinematografi,terlalu
sinematografi,dramatis
sinematografi,agak
sinematografi,nyambung
sinematografi,jadi
sinematografi,kecuali
sinematografi,selo
sinematografi,waktunya
sinematografi,filmnya
sinematografi,worth
nya,oke
nya,sound
nya,dan
nya,music
nya,terlalu
nya,dramatis
nya,agak
nya,nyambung
nya,jadi
nya,kecuali
nya,selo
nya,waktunya
nya,filmnya
nya,worth
oke,sound
oke,dan
oke,music
oke,terlalu
oke,dramatis
oke,agak
oke,nyambung
oke,jadi
oke,kecuali
oke,selo
oke,waktunya
oke,filmnya
oke,worth
sound,dan
sound,music
sound,terlalu
sound,dramatis
sound,agak
sound,nyambung
sound,jadi
sound,kecuali
sound,selo
sound,waktunya
sound,filmnya
sound,worth
dan,music
dan,terlalu
dan,dramatis
dan,agak
dan,nyambung
dan,jadi
dan,kecuali
dan,selo
dan,waktunya
dan,filmnya
dan,worth
music,terlalu
music,dramatis
music,agak
music,nyambung
music,jadi
music,kecuali
music,selo
music,waktunya
music,filmnya
music,worth
terlalu,dramatis
terlalu,agak
terlalu,nyambung
terlalu,jadi
terlalu,kecuali
terlalu,selo
terlalu,waktunya
terlalu,filmnya
terlalu,worth
dramatis,agak
dramatis,nyambung
dramatis,jadi
dramatis,kecuali
dramatis,selo
dramatis,waktunya
dramatis,filmnya
dramatis,worth
agak,nyambung
agak,jadi
agak,kecuali
agak,selo
agak,waktunya
agak,filmnya
agak,worth
nyambung,jadi
nyambung,kecuali
nyambung,selo
nyambung,waktunya
nyambung,filmnya
nyambung,worth
jadi,kecuali
jadi,selo
jadi,waktunya
jadi,filmnya
jadi,worth
kecuali,selo
kecuali,waktunya
kecuali,filmnya
kecuali,worth
selo,waktunya
selo,filmnya
selo,worth
waktunya,filmnya
waktunya,worth
filmnya,worth
epitome,self
epitome,indulgent
epitome,white
epitome,boy
epitome,shit
self,indulgent
self,white
self,boy
self,shit
indulgent,white
indulgent,boy
indulgent,shit
white,boy
white,shit
boy,shit
fucking,god
fucking,excellence
god,excellence
sevemedim,garip
sevemedim,bir
garip,bir
blown,away
blown,perfect
blown,follow
blown,story
blown,fantastic
blown,acting
blown,ryan
blown,gosling
away,perfect
away,follow
away,story
away,fantastic
away,acting
away,ryan
away,gosling
perfect,follow
perfect,story
perfect,fantastic
perfect,acting
perfect,ryan
perfect,gosling
follow,story
follow,fantastic
follow,acting
follow,ryan
follow,gosling
story,fantastic
story,acting
story,ryan
story,gosling
fantastic,acting
fantastic,ryan
fantastic,gosling
acting,ryan
acting,gosling
ryan,gosling
anni,dopo
blade,runner
blade,podcast
blade,epic
blade,share
blade,friend
runner,podcast
runner,epic
runner,share
runner,friend
podcast,epic
podcast,share
podcast,friend
epic,share
epic,friend
share,friend
gonna,miracle
gonna,second
gonna,waste
miracle,second
miracle,waste
second,waste
bizarre,anyway
bizarre,electric
bizarre,sheep
bizarre,home
bizarre,half
bizarre,dozen
bizarre,bugger
bizarre,chase
bizarre,drive
anyway,electric
anyway,sheep
anyway,home
anyway,half
anyway,dozen
anyway,bugger
anyway,chase
anyway,drive
electric,sheep
electric,home
electric,half
electric,dozen
electric,bugger
electric,chase
electric,drive
sheep,home
sheep,half
sheep,dozen
sheep,bugger
sheep,chase
sheep,drive
home,half
home,dozen
home,bugger
home,chase
home,drive
half,dozen
half,bugger
half,chase
half,drive
dozen,bugger
dozen,chase
dozen,drive
bugger,chase
bugger,drive
chase,drive
behind,scene
behind,photo
behind,blade
behind,runner
scene,photo
scene,blade
scene,runner
photo,blade
photo,runner
blade,runner
logrado,llegar
logrado,futuro
logrado,twittear
logrado,podr
logrado,entrar
logrado,mundo
logrado,est
logrado,listo
llegar,futuro
llegar,twittear
llegar,podr
llegar,entrar
llegar,mundo
llegar,est
llegar,listo
futuro,twittear
futuro,podr
futuro,entrar
futuro,mundo
futuro,est
futuro,listo
twittear,podr
twittear,entrar
twittear,mundo
twittear,est
twittear,listo
podr,entrar
podr,mundo
podr,est
podr,listo
entrar,mundo
entrar,est
entrar,listo
mundo,est
mundo,listo
est,listo
soundtrack,wallfisch
soundtrack,zimmer
soundtrack,pure
soundtrack,earhole
soundtrack,pleasure
wallfisch,zimmer
wallfisch,pure
wallfisch,earhole
wallfisch,pleasure
zimmer,pure
zimmer,earhole
zimmer,pleasure
pure,earhole
pure,pleasure
earhole,pleasure
sick,hell
sick,easily
sick,impressive
sick,storyteller
sick,genre
hell,easily
hell,impressive
hell,storyteller
hell,genre
easily,impressive
easily,storyteller
easily,genre
impressive,storyteller
impressive,genre
storyteller,genre
acted,beautiful
acted,visuals
acted,plot
acted,minor
acted,hangup
acted,damn
acted,long
beautiful,visuals
beautiful,plot
beautiful,minor
beautiful,hangup
beautiful,damn
beautiful,long
visuals,plot
visuals,minor
visuals,hangup
visuals,damn
visuals,long
plot,minor
plot,hangup
plot,damn
plot,long
minor,hangup
minor,damn
minor,long
hangup,damn
hangup,long
damn,long
suggest,version
suggest,final
suggest,cut
suggest,must
suggest,understand
suggest,significance
suggest,unicorn
suggest,dream
version,final
version,cut
version,must
version,understand
version,significance
version,unicorn
version,dream
final,cut
final,must
final,understand
final,significance
final,unicorn
final,dream
cut,must
cut,understand
cut,significance
cut,unicorn
cut,dream
must,understand
must,significance
must,unicorn
must,dream
understand,significance
understand,unicorn
understand,dream
significance,unicorn
significance,dream
unicorn,dream
completely,agree
completely,tuit
completely,regarding
agree,tuit
agree,regarding
tuit,regarding
dense,long
dense,glad
long,glad
min,excited
whole,album
whole,speaks
whole,soul
album,speaks
album,soul
speaks,soul
maybe,lack
maybe,sleep
maybe,second
maybe,easily
maybe,sci
lack,sleep
lack,second
lack,easily
lack,sci
sleep,second
sleep,easily
sleep,sci
second,easily
second,sci
easily,sci
visually,stunning
visually,boring
stunning,boring
cell,interlinked
cell,mixed
cell,feeling
interlinked,mixed
interlinked,feeling
mixed,feeling
barely,earned
barely,half
barely,investment
barely,might
barely,break
barely,disappointing
barely,studio
earned,half
earned,investment
earned,might
earned,break
earned,disappointing
earned,studio
half,investment
half,might
half,break
half,disappointing
half,studio
investment,might
investment,break
investment,disappointing
investment,studio
might,break
might,disappointing
might,studio
break,disappointing
break,studio
disappointing,studio
enjoyed,wanna
enjoyed,happened
enjoyed,dog
enjoyed,though
wanna,happened
wanna,dog
wanna,though
happened,dog
happened,though
dog,though
shout,ryan
shout,gosling
shout,coat
ryan,gosling
ryan,coat
gosling,coat
rid,light
rid,umbrella
light,umbrella
might,late
might,night
might,stream
might,version
might,game
late,night
late,stream
late,version
late,game
night,stream
night,version
night,game
stream,version
stream,game
version,game
uploaded,video
powerful,evil
powerful,corporation
powerful,office
powerful,space
powerful,typical
powerful,hotel
powerful,lobby
evil,corporation
evil,office
evil,space
evil,typical
evil,hotel
evil,lobby
corporation,office
corporation,space
corporation,typical
corporation,hotel
corporation,lobby
office,space
office,typical
office,hotel
office,lobby
space,typical
space,hotel
space,lobby
typical,hotel
typical,lobby
hotel,lobby
total,perfection
total,flawless
total,friend
perfection,flawless
perfection,friend
flawless,friend
anime,third
anime,strong
anime,perfect
anime,ana
anime,armas
third,strong
third,perfect
third,ana
third,armas
strong,perfect
strong,ana
strong,armas
perfect,ana
perfect,armas
ana,armas
whats,plot
whats,god
whats,sheer
whats,class
plot,god
plot,sheer
plot,class
god,sheer
god,class
sheer,class
modern,masterpiece
modern,visually
modern,stunning
modern,slow
modern,burner
modern,stay
modern,true
masterpiece,visually
masterpiece,stunning
masterpiece,slow
masterpiece,burner
masterpiece,stay
masterpiece,true
visually,stunning
visually,slow
visually,burner
visually,stay
visually,true
stunning,slow
stunning,burner
stunning,stay
stunning,true
slow,burner
slow,stay
slow,true
burner,stay
burner,true
stay,true
dropping,box
dropping,office
dropping,tracking
dropping,indicates
dropping,million
dropping,opening
dropping,second
dropping,weekend
box,office
box,tracking
box,indicates
box,million
box,opening
box,second
box,weekend
office,tracking
office,indicates
office,million
office,opening
office,second
office,weekend
tracking,indicates
tracking,million
tracking,opening
tracking,second
tracking,weekend
indicates,million
indicates,opening
indicates,second
indicates,weekend
million,opening
million,second
million,weekend
opening,second
opening,weekend
second,weekend
epic,piece
epic,cinematography
epic,disappointed
piece,cinematography
piece,disappointed
cinematography,disappointed
far,superior
far,sequel
far,compelling
far,detective
far,story
far,breath
far,taking
far,visuals
superior,sequel
superior,compelling
superior,detective
superior,story
superior,breath
superior,taking
superior,visuals
sequel,compelling
sequel,detective
sequel,story
sequel,breath
sequel,taking
sequel,visuals
compelling,detective
compelling,story
compelling,breath
compelling,taking
compelling,visuals
detective,story
detective,breath
detective,taking
detective,visuals
story,breath
story,taking
story,visuals
breath,taking
breath,visuals
taking,visuals
explain,replicant
explain,hunting
explain,cop
explain,referred
explain,blade
explain,runner
replicant,hunting
replicant,cop
replicant,referred
replicant,blade
replicant,runner
hunting,cop
hunting,referred
hunting,blade
hunting,runner
cop,referred
cop,blade
cop,runner
referred,blade
referred,runner
blade,runner
undoubtedly,star
undoubtedly,vicious
undoubtedly,sexual
undoubtedly,bitch
undoubtedly,perfect
undoubtedly,marriage
undoubtedly,material
star,vicious
star,sexual
star,bitch
star,perfect
star,marriage
star,material
vicious,sexual
vicious,bitch
vicious,perfect
vicious,marriage
vicious,material
sexual,bitch
sexual,perfect
sexual,marriage
sexual,material
bitch,perfect
bitch,marriage
bitch,material
perfect,marriage
perfect,material
marriage,material
shit,around
watching,deckard
watching,skinjob
deckard,skinjob
heard,ryan
heard,gosling
heard,pressure
heard,creating
ryan,gosling
ryan,pressure
ryan,creating
gosling,pressure
gosling,creating
pressure,creating
kidding,long
kidding,worth
kidding,especially
kidding,liked
long,worth
long,especially
long,liked
worth,especially
worth,liked
especially,liked
wondering,heck
wondering,mana
wondering,watching
heck,mana
heck,watching
mana,watching
watching,director
watching,cut
watching,wife
watching,speed
director,cut
director,wife
director,speed
cut,wife
cut,speed
wife,speed
