Source,Target,Type,id,label,timeset,weight
JACC_90,ecartelera,Directed,0,,,1.0
dmcaputo,kelly_clarkson,Directed,1,,,1.0
dmcaputo,GalGadot,Directed,2,,,1.0
shashashasha,JoRoan,Directed,3,,,1.0
shashashasha,shashashasha,Directed,4,,,1.0
shashashasha,eeeeenid,Directed,5,,,1.0
shashashasha,xuhulk,Directed,6,,,1.0
shashashasha,tealtan,Directed,7,,,1.0
VinceRemoTwit,annabellemovie,Directed,8,,,1.0
LIONPON3,Kanerudo66,Directed,9,,,1.0
depepi,TheMarySue,Directed,10,,,1.0
depepi,marstonmovie,Directed,11,,,1.0
rock1er,Variety,Directed,12,,,1.0
rock1er,KellyClarkson,Directed,13,,,1.0
evelyn_kunze,Variety,Directed,14,,,2.0
evelyn_kunze,KellyClarkson,Directed,15,,,2.0
EMMAnimation,thisisbenoliver,Directed,16,,,1.0
s_oldham,Variety,Directed,17,,,1.0
s_oldham,KellyClarkson,Directed,18,,,1.0
TimeOfHollywood,Variety,Directed,19,,,3.0
TimeOfHollywood,KellyClarkson,Directed,20,,,1.0
Xaychii,ken_koy,Directed,21,,,1.0
Rfourone,WarriorDiana1,Directed,22,,,1.0
jenyy_16,bloominflowerss,Directed,23,,,1.0
Ingridcoley,SJavi12,Directed,24,,,1.0
Cakesugartaste,Littleponyloves,Directed,27,,,1.0
Cakesugartaste,MLPMovie,Directed,28,,,1.0
Cakesugartaste,AndreaLibman,Directed,29,,,1.0
Cakesugartaste,tarastrong,Directed,30,,,1.0
Cakesugartaste,ash_leigh_ball,Directed,31,,,1.0
Cakesugartaste,StTabitha,Directed,32,,,1.0
Cakesugartaste,CathyWeseluck,Directed,33,,,1.0
NatClaire190,Variety,Directed,34,,,1.0
NatClaire190,KellyClarkson,Directed,35,,,1.0
mollyjoy10,AlertBot,Directed,36,,,1.0
mollyjoy10,WonderWomanFilm,Directed,37,,,1.0
mollyjoy10,RokuPlayer,Directed,38,,,1.0
JoyHeeb,F13thFranchise,Directed,39,,,1.0
rebeccaalpert1,Variety,Directed,40,,,1.0
rebeccaalpert1,KellyClarkson,Directed,41,,,1.0
clarksonrulez,Variety,Directed,42,,,2.0
clarksonrulez,KellyClarkson,Directed,43,,,2.0
TVSHOWCLIPS,AmazonVideo,Directed,44,,,1.0
riverdlinson,WarnerBrosUK,Directed,45,,,1.0
wonderyonce,Variety,Directed,46,,,1.0
wonderyonce,KellyClarkson,Directed,47,,,1.0
Neel_Madtings,Variety,Directed,48,,,1.0
Neel_Madtings,KellyClarkson,Directed,49,,,1.0
in_aha,Gartenbaukino,Directed,52,,,1.0
MummyFever,wonderwoman,Directed,53,,,1.0
WonderMorri,20thCFox_FR,Directed,54,,,3.0
KathyA11,Variety,Directed,56,,,1.0
KathyA11,KellyClarkson,Directed,57,,,1.0
jacoblyon55,ParkwayBeverley,Directed,58,,,1.0
jacoblyon55,FlemingateBev,Directed,59,,,1.0
BiebyssArianaaa,Variety,Directed,60,,,1.0
BiebyssArianaaa,KellyClarkson,Directed,61,,,1.0
AMarriedAgent,KingsmanMovie,Directed,62,,,1.0
illusionsfacade,DaveOFlanagan,Directed,63,,,1.0
FittenRicardo,annabellemovie,Directed,64,,,1.0
Cakelette_,tiltbrush,Directed,65,,,1.0
iBalusa,BANGShowbiz,Directed,66,,,1.0
benjancewicz,JoRoan,Directed,67,,,1.0
benjancewicz,shashashasha,Directed,68,,,1.0
benjancewicz,eeeeenid,Directed,69,,,1.0
benjancewicz,xuhulk,Directed,70,,,1.0
benjancewicz,tealtan,Directed,71,,,1.0
ktruequeen,space_nearby,Directed,72,,,1.0
Jess_Wise3,ninadobrev,Directed,73,,,1.0
BuffGeekPodcast,The_GWW,Directed,74,,,1.0
BuffGeekPodcast,wehaveahulkpod,Directed,75,,,1.0
BuffGeekPodcast,startrekcbs,Directed,76,,,1.0
BuffGeekPodcast,TheOrville,Directed,77,,,1.0
laclark2002,RegalMovies,Directed,78,,,1.0
laclark2002,IMAX,Directed,79,,,1.0
ideas_micky,ideas_micky,Directed,80,,,8.0
NimbleGlance,Kanerudo66,Directed,81,,,1.0
loisjoannelanes,Variety,Directed,83,,,1.0
loisjoannelanes,KellyClarkson,Directed,84,,,1.0
ejrtairne,JoRoan,Directed,85,,,1.0
ejrtairne,shashashasha,Directed,86,,,1.0
ejrtairne,eeeeenid,Directed,87,,,1.0
ejrtairne,xuhulk,Directed,88,,,1.0
ejrtairne,tealtan,Directed,89,,,1.0
lunarphillester,SpiderManMovie,Directed,91,,,1.0
Walnoem,20thCFox_FR,Directed,92,,,2.0
TheRoot,MarstonMovie,Directed,94,,,1.0
TheRoot,RobinsonAngela,Directed,95,,,1.0
falcon1282,BatmanNewsCom,Directed,96,,,1.0
superboykent007,Variety,Directed,97,,,1.0
superboykent007,KellyClarkson,Directed,98,,,1.0
silviarocha18,20CenturyFoxUK,Directed,100,,,1.0
silviarocha18,Variety,Directed,101,,,1.0
silviarocha18,netflix,Directed,102,,,1.0
AgentIgraine,StatesmanAgent,Directed,103,,,1.0
NicolesChoice1,JohnnieBowers47,Directed,105,,,1.0
NicolesChoice1,ShowPlaceICON,Directed,106,,,1.0
NicolesChoice1,wbpictures,Directed,107,,,1.0
NicolesChoice1,NicolesChoice1,Directed,108,,,1.0
NicolesChoice1,DwilightF,Directed,109,,,1.0
fetishwilk,WarnerBrosUK,Directed,110,,,1.0
curledbananas8,WarnerBrosUK,Directed,113,,,1.0
ayeshakfaines,TheRoot,Directed,115,,,1.0
ayeshakfaines,MarstonMovie,Directed,116,,,1.0
ayeshakfaines,RobinsonAngela,Directed,117,,,1.0
Cest_m0i,sonypictures_es,Directed,118,,,1.0
DespicableMe,ByEmilyStephens,Directed,119,,,1.0
SiriboeSquad,girlstripmovie,Directed,120,,,1.0
TheLennoXFiles,Variety,Directed,121,,,2.0
TheLennoXFiles,KellyClarkson,Directed,122,,,2.0
isbanshwee,GalGadotBRA,Directed,123,,,1.0
MusicBoxHR,bladerunner,Directed,124,,,1.0
zulunationman,Twaddles_24,Directed,125,,,1.0
yamina_g,20thCFox_FR,Directed,126,,,2.0
Johnleblog,mariusserra,Directed,128,,,1.0
trotterpower,RyanJL,Directed,129,,,1.0
trotterpower,kelly_clarkson,Directed,130,,,1.0
AMiraclePath,ExaultedLove,Directed,131,,,1.0
gleescovers,WarnerBrosUK,Directed,132,,,1.0
armgra,ortyzapple,Directed,133,,,1.0
cyberrpunks,bladerunner,Directed,134,,,1.0
element2909,Google,Directed,135,,,1.0
VCA1979,sonypictures_es,Directed,136,,,1.0
ImJustOneLiar,Variety,Directed,137,,,1.0
ImJustOneLiar,KellyClarkson,Directed,138,,,1.0
thinker_foreign,Variety,Directed,139,,,2.0
thinker_foreign,KellyClarkson,Directed,140,,,1.0
ga_filmlawyer,boxofficemojo,Directed,141,,,1.0
ga_filmlawyer,BladeRunner,Directed,142,,,1.0
ga_filmlawyer,MountainBetween,Directed,143,,,1.0
BronyRetweets,element2909,Directed,144,,,1.0
BronyRetweets,Google,Directed,145,,,1.0
ilaiza_perez,Variety,Directed,146,,,1.0
ilaiza_perez,KellyClarkson,Directed,147,,,1.0
TracyYOliver,Variety,Directed,148,,,1.0
Discrete_sc,Variety,Directed,149,,,1.0
SuperKetu,JoRoan,Directed,150,,,1.0
SuperKetu,shashashasha,Directed,151,,,1.0
SuperKetu,eeeeenid,Directed,152,,,1.0
SuperKetu,xuhulk,Directed,153,,,1.0
SuperKetu,tealtan,Directed,154,,,1.0
_Mvxwell_,bladerunner,Directed,155,,,1.0
nikroybal,Variety,Directed,156,,,1.0
nikroybal,KellyClarkson,Directed,157,,,1.0
Salam_Rhoya,ThatFenty_,Directed,158,,,1.0
GastonGrimsdyke,DaveOFlanagan,Directed,159,,,1.0
BotOfDerpy,BronyMate,Directed,160,,,1.0
breakneckfilms,glasgowfilm,Directed,161,,,1.0
EMZTRadio,3geekspodcast,Directed,162,,,1.0
EMZTRadio,YouTube,Directed,163,,,1.0
EMZTRadio,MikeMcGTV,Directed,164,,,1.0
TheNoirZone,AnnLaabs,Directed,165,,,1.0
lizziescrown,WarnerBrosUK,Directed,166,,,1.0
mratomicboomb,Variety,Directed,167,,,1.0
mratomicboomb,KellyClarkson,Directed,168,,,1.0
WillianClaraTV,boxofficemojo,Directed,169,,,1.0
WillianClaraTV,BladeRunner,Directed,170,,,1.0
WillianClaraTV,MountainBetween,Directed,171,,,1.0
juanroyoabenia,LigaJusticia_ES,Directed,172,,,1.0
Fslcox,bladerunner,Directed,173,,,1.0
kapooksavemoney,moviesmusic_th,Directed,174,,,1.0
Love_My_Canada,ABC7,Directed,175,,,1.0
QuinzelDra,Variety,Directed,176,,,1.0
QuinzelDra,GalGadot,Directed,177,,,1.0
QuinzelDra,lifetimetv,Directed,178,,,1.0
WonderWomanDany,Variety,Directed,179,,,1.0
WonderWomanDany,KellyClarkson,Directed,180,,,1.0
22joujou,Variety,Directed,183,,,1.0
22joujou,KellyClarkson,Directed,184,,,1.0
nartobia,WarnerBrosUK,Directed,185,,,1.0
fedeecoro95,ElGeekSinNombre,Directed,186,,,1.0
r_drown,LovingVincent,Directed,187,,,1.0
TheMelFarley,goodyk,Directed,188,,,1.0
TheMelFarley,USATODAY,Directed,189,,,1.0
SeanEssary,SamuelLJackson,Directed,190,,,1.0
noteyousend,WarnerBrosUK,Directed,191,,,1.0
cheeseamberger,TracyYOliver,Directed,192,,,1.0
cheeseamberger,Variety,Directed,193,,,1.0
Nate09150009,SpiderManMovie,Directed,194,,,1.0
Jay_3085,Variety,Directed,195,,,1.0
Jay_3085,KellyClarkson,Directed,196,,,1.0
szilviade_,pinausagi,Directed,197,,,1.0
HerecomesRow,WarnerBrosUK,Directed,198,,,1.0
krummy09,Variety,Directed,199,,,1.0
krummy09,KellyClarkson,Directed,200,,,1.0
ella_ramosr,WarnerBrosUK,Directed,201,,,1.0
fincherism,BatmanMeer1989,Directed,202,,,1.0
fincherism,GeekPride5,Directed,203,,,1.0
fincherism,SunflowerJD,Directed,204,,,1.0
fincherism,lil_harmonizer,Directed,205,,,1.0
fincherism,YeagerKristel,Directed,206,,,1.0
amit_pande,mariachong,Directed,207,,,1.0
FunSizedFarley,goodyk,Directed,208,,,1.0
FunSizedFarley,USATODAY,Directed,209,,,1.0
markfparis,Variety,Directed,210,,,2.0
markfparis,GalGadot,Directed,211,,,1.0
markfparis,lifetimetv,Directed,212,,,1.0
valkyrierisen,TheRoot,Directed,213,,,1.0
valkyrierisen,MarstonMovie,Directed,214,,,1.0
valkyrierisen,RobinsonAngela,Directed,215,,,1.0
TOMhollic,SpiderManMovie,Directed,216,,,1.0
element2909,secretfrenchfry,Directed,217,,,1.0
reneyrodriguez,radioalterna75,Directed,218,,,1.0
reissim,20thCFox_FR,Directed,219,,,2.0
oxymoron_92,WarnerBrosUK,Directed,221,,,1.0
princeclarkey,princeclarkey,Directed,222,,,1.0
marstonmovie,TheRoot,Directed,223,,,1.0
marstonmovie,MarstonMovie,Directed,224,,,1.0
marstonmovie,RobinsonAngela,Directed,225,,,1.0
karospiderchan,_udemia,Directed,226,,,1.0
lexluthoz,TheRoot,Directed,227,,,1.0
lexluthoz,MarstonMovie,Directed,228,,,1.0
lexluthoz,RobinsonAngela,Directed,229,,,1.0
pamelaivys,Variety,Directed,230,,,1.0
pamelaivys,KellyClarkson,Directed,231,,,1.0
heyychelsayy,Variety,Directed,232,,,1.0
heyychelsayy,KellyClarkson,Directed,233,,,1.0
BronyRetweets,TakaraPOV,Directed,234,,,1.0
OrigemJustica,dyegodimitri,Directed,235,,,1.0
tladyinthetower,WarnerBrosUK,Directed,236,,,1.0
galgadotx,Variety,Directed,237,,,2.0
galgadotx,KellyClarkson,Directed,238,,,2.0
HollywoodInToto,THR,Directed,239,,,1.0
KamTechnolyog,MarkMahon,Directed,240,,,1.0
jenlindner,TheRoot,Directed,241,,,1.0
jenlindner,MarstonMovie,Directed,242,,,1.0
jenlindner,RobinsonAngela,Directed,243,,,1.0
maplewhite1912,WarnerBrosUK,Directed,244,,,1.0
SheaVanderpoort,TracyYOliver,Directed,245,,,1.0
SheaVanderpoort,Variety,Directed,246,,,1.0
kohzy,JoRoan,Directed,247,,,1.0
kohzy,shashashasha,Directed,248,,,1.0
kohzy,eeeeenid,Directed,249,,,1.0
kohzy,xuhulk,Directed,250,,,1.0
kohzy,tealtan,Directed,251,,,1.0
crisxluh,WarnerBrosUK,Directed,252,,,1.0
crisxluh,empiremagazine,Directed,255,,,1.0
Maribelula,RutaporMx,Directed,256,,,1.0
Sar380,20thCFox_FR,Directed,257,,,2.0
PhantomX1313,DCFilmaniacos,Directed,259,,,2.0
WonderMorri,Hedihamadache,Directed,260,,,1.0
Sophie755339261,Variety,Directed,262,,,1.0
Sophie755339261,KellyClarkson,Directed,263,,,1.0
Kimoh559,highclasskate,Directed,264,,,1.0
Variety,GalGadot,Directed,265,,,1.0
Variety,PattyJenks,Directed,266,,,1.0
Variety,lifetimetv,Directed,267,,,1.0
ViralHadesVEVO,EmojiMovie,Directed,268,,,1.0
um_SOCIALmedia8,TomCruise,Directed,269,,,1.0
NewLine_Cinema,annabellemovie,Directed,270,,,2.0
HayatoRodry,DCFilmaniacos,Directed,271,,,1.0
yalikejazzzzzzz,EmojiMovie,Directed,272,,,1.0
global_glimpse,Variety,Directed,273,,,2.0
global_glimpse,GalGadot,Directed,274,,,1.0
global_glimpse,PattyJenks,Directed,275,,,1.0
global_glimpse,lifetimetv,Directed,276,,,1.0
reygonjinn,Variety,Directed,277,,,1.0
reygonjinn,GalGadot,Directed,278,,,1.0
reygonjinn,PattyJenks,Directed,279,,,1.0
reygonjinn,lifetimetv,Directed,280,,,1.0
TRCdocumentary,GenesisCinema,Directed,281,,,1.0
paologabi,GalGadot,Directed,282,,,1.0
Pat2_p,WarnerBrosUK,Directed,284,,,1.0
kevinsampson,picturelockshow,Directed,285,,,1.0
kevinsampson,TheMrRichard,Directed,286,,,1.0
Dan_plee,TiffanyHaddish,Directed,287,,,1.0
AmeliBalzac1,Variety,Directed,288,,,1.0
AmeliBalzac1,GalGadot,Directed,289,,,1.0
AmeliBalzac1,PattyJenks,Directed,290,,,1.0
AmeliBalzac1,lifetimetv,Directed,291,,,1.0
KarenNuezGuerr1,WeLoveBarbieIG,Directed,292,,,1.0
KarenNuezGuerr1,barbaraig,Directed,293,,,1.0
zombietardis,thisisbenoliver,Directed,294,,,1.0
byhypedd,Variety,Directed,295,,,1.0
byhypedd,GalGadot,Directed,296,,,1.0
byhypedd,PattyJenks,Directed,297,,,1.0
byhypedd,lifetimetv,Directed,298,,,1.0
ezrasfIash,Variety,Directed,299,,,1.0
ezrasfIash,GalGadot,Directed,300,,,1.0
ezrasfIash,PattyJenks,Directed,301,,,1.0
ezrasfIash,lifetimetv,Directed,302,,,1.0
Love_My_Canada,NPR,Directed,303,,,1.0
SupesBatsy,Variety,Directed,304,,,1.0
SupesBatsy,GalGadot,Directed,305,,,1.0
SupesBatsy,PattyJenks,Directed,306,,,1.0
SupesBatsy,lifetimetv,Directed,307,,,1.0
JerrellZod2,Variety,Directed,308,,,1.0
JerrellZod2,GalGadot,Directed,309,,,1.0
JerrellZod2,PattyJenks,Directed,310,,,1.0
JerrellZod2,lifetimetv,Directed,311,,,1.0
Zarrwahhxx,WarnerBrosUK,Directed,312,,,1.0
Nonsenseman,Variety,Directed,313,,,2.0
Nonsenseman,GalGadot,Directed,314,,,1.0
Nonsenseman,PattyJenks,Directed,315,,,1.0
Nonsenseman,lifetimetv,Directed,316,,,1.0
tojikki21,Kanerudo66,Directed,317,,,1.0
Algorithmic_Ef,davegrey,Directed,318,,,1.0
Julioct99,_Felipero_fts,Directed,319,,,1.0
WonderfulCelebs,Variety,Directed,321,,,1.0
WonderfulCelebs,GalGadot,Directed,322,,,1.0
WonderfulCelebs,PattyJenks,Directed,323,,,1.0
WonderfulCelebs,lifetimetv,Directed,324,,,1.0
fatimix_gosling,bladerunner,Directed,325,,,1.0
TheLoneWolf68,ObnoxAnonymous,Directed,326,,,1.0
BOUNTYHUNTER660,F13thFranchise,Directed,327,,,1.0
thefIyingfox,Variety,Directed,328,,,1.0
thefIyingfox,GalGadot,Directed,329,,,1.0
thefIyingfox,PattyJenks,Directed,330,,,1.0
thefIyingfox,lifetimetv,Directed,331,,,1.0
khaleegis,Variety,Directed,332,,,1.0
khaleegis,GalGadot,Directed,333,,,1.0
khaleegis,PattyJenks,Directed,334,,,1.0
khaleegis,lifetimetv,Directed,335,,,1.0
MekareMadness,Variety,Directed,336,,,1.0
MekareMadness,GalGadot,Directed,337,,,1.0
MekareMadness,PattyJenks,Directed,338,,,1.0
MekareMadness,lifetimetv,Directed,339,,,1.0
claruchi,Variety,Directed,340,,,2.0
claruchi,KellyClarkson,Directed,341,,,2.0
Hoze7,1HombreSnPiedad,Directed,342,,,1.0
DespicableMe,DawnNeufeld,Directed,343,,,1.0
oriolripoll,Johnleblog,Directed,344,,,1.0
oriolripoll,mariusserra,Directed,345,,,1.0
PictureLockKids,picturelockshow,Directed,346,,,1.0
PictureLockKids,TheMrRichard,Directed,347,,,1.0
DaveFlanagan67,PattyJenks,Directed,348,,,1.0
JaredA1234,EmojiMovie,Directed,349,,,1.0
hericanegraciex,WarnerBrosUK,Directed,350,,,1.0
SirMoscas,pipevicioso,Directed,351,,,2.0
markfparis,DeaLawrence1,Directed,352,,,1.0
lyric__m,WarnerBrosUK,Directed,354,,,1.0
verybatwoman,Variety,Directed,356,,,1.0
verybatwoman,GalGadot,Directed,357,,,1.0
verybatwoman,PattyJenks,Directed,358,,,1.0
verybatwoman,lifetimetv,Directed,359,,,1.0
lyric__m,mr_sjpatterson,Directed,360,,,1.0
lyric__m,IndieWire,Directed,361,,,1.0
SirMoscas,CuartaParedCine,Directed,362,,,1.0
SirMoscas,JorahElAndalo,Directed,363,,,1.0
Pippi_Dust,coachforward,Directed,364,,,1.0
world_dang,foxsingapore,Directed,365,,,1.0
Simone69181777,IMAX,Directed,366,,,1.0
Variety,LifetimeTV,Directed,367,,,1.0
nuriastweets,Johnleblog,Directed,368,,,1.0
nuriastweets,mariusserra,Directed,369,,,1.0
poison_candyy,Variety,Directed,370,,,1.0
poison_candyy,KellyClarkson,Directed,371,,,1.0
jamilemon,pipevicioso,Directed,372,,,1.0
earendilstar,Variety,Directed,373,,,2.0
earendilstar,GalGadot,Directed,374,,,1.0
earendilstar,PattyJenks,Directed,375,,,1.0
earendilstar,lifetimetv,Directed,376,,,1.0
rayofciccone,Variety,Directed,377,,,1.0
rayofciccone,KellyClarkson,Directed,378,,,1.0
GalGadotBRA,Variety,Directed,379,,,2.0
GalGadotBRA,GalGadot,Directed,380,,,1.0
GalGadotBRA,PattyJenks,Directed,381,,,1.0
GalGadotBRA,lifetimetv,Directed,382,,,1.0
global_glimpse,LifetimeTV,Directed,384,,,1.0
StargatePioneer,PopCultureCosmo,Directed,385,,,1.0
kev_doble,wshed,Directed,386,,,1.0
earendilstar,LifetimeTV,Directed,388,,,1.0
TimHandley4,DaveOFlanagan,Directed,389,,,1.0
diianaaprince,Variety,Directed,390,,,1.0
diianaaprince,GalGadot,Directed,391,,,1.0
diianaaprince,PattyJenks,Directed,392,,,1.0
diianaaprince,lifetimetv,Directed,393,,,1.0
Carlos7Islas,barbaraig,Directed,394,,,1.0
UniversoDCnauta,Variety,Directed,395,,,2.0
UniversoDCnauta,LifetimeTV,Directed,396,,,1.0
d789s101112,OldKanStudios,Directed,397,,,1.0
jemandboo63,Variety,Directed,398,,,1.0
jemandboo63,LifetimeTV,Directed,399,,,1.0
HamiltonLeaetta,Variety,Directed,400,,,1.0
HamiltonLeaetta,LifetimeTV,Directed,401,,,1.0
JoshX1993,Disney,Directed,402,,,1.0
JoshX1993,BridgetCarey,Directed,403,,,1.0
JoshX1993,CNET,Directed,404,,,1.0
RekoMnd,pencilphilos,Directed,405,,,1.0
phoeebtonkin,Variety,Directed,406,,,1.0
phoeebtonkin,GalGadot,Directed,407,,,1.0
phoeebtonkin,PattyJenks,Directed,408,,,1.0
phoeebtonkin,lifetimetv,Directed,409,,,1.0
quantum_pa,davegrey,Directed,410,,,1.0
19skid97,primemeridian_,Directed,411,,,1.0
Navinpraveen93,Variety,Directed,412,,,1.0
Navinpraveen93,GalGadot,Directed,413,,,1.0
Navinpraveen93,PattyJenks,Directed,414,,,1.0
Navinpraveen93,lifetimetv,Directed,415,,,1.0
ohawaffle,DaveOFlanagan,Directed,416,,,1.0
efroster123,BatmanNewsCom,Directed,417,,,1.0
Divamarlene70,DespicableMe,Directed,418,,,1.0
Divamarlene70,Divamarlene70,Directed,419,,,1.0
drewtewksbury,whoshotyapod,Directed,420,,,1.0
drewtewksbury,RickyCarmona,Directed,421,,,1.0
drewtewksbury,AWolfeful,Directed,422,,,1.0
drewtewksbury,TheDreaClark,Directed,423,,,1.0
thetalentguru,Variety,Directed,424,,,1.0
thetalentguru,LifetimeTV,Directed,425,,,1.0
FlipMillarBurns,Variety,Directed,426,,,1.0
FlipMillarBurns,LifetimeTV,Directed,427,,,1.0
ben_noypi11,Variety,Directed,428,,,1.0
ben_noypi11,KellyClarkson,Directed,429,,,1.0
ashleypsyche20,GalGadot,Directed,430,,,1.0
everylittlepine,Variety,Directed,431,,,1.0
everylittlepine,LifetimeTV,Directed,432,,,1.0
roberalert,DCFilmaniacos,Directed,433,,,1.0
roberalert,TaurooAldebaran,Directed,434,,,1.0
Cozytvcatlover,annabellemovie,Directed,435,,,1.0
Fixfxh_kxj,theTelluris,Directed,436,,,1.0
digitalhomeboy,Variety,Directed,437,,,3.0
digitalhomeboy,LifetimeTV,Directed,438,,,1.0
MelissaHLeon,Variety,Directed,439,,,1.0
MelissaHLeon,LifetimeTV,Directed,440,,,1.0
tonybutler1,KatStarczewski,Directed,441,,,1.0
tonybutler1,derbymuseums,Directed,442,,,1.0
tonybutler1,LiamRSharp,Directed,443,,,1.0
JoeySalmingo,Variety,Directed,444,,,1.0
JoeySalmingo,GalGadot,Directed,445,,,1.0
JoeySalmingo,PattyJenks,Directed,446,,,1.0
JoeySalmingo,lifetimetv,Directed,447,,,1.0
Brinna_Jae,Variety,Directed,448,,,2.0
Brinna_Jae,LifetimeTV,Directed,449,,,1.0
NenemDobrev,Variety,Directed,450,,,1.0
NenemDobrev,GalGadot,Directed,451,,,1.0
NenemDobrev,PattyJenks,Directed,452,,,1.0
NenemDobrev,lifetimetv,Directed,453,,,1.0
1luvbooks,Variety,Directed,454,,,1.0
1luvbooks,LifetimeTV,Directed,455,,,1.0
LewisxoxMaddie,channingtatum,Directed,456,,,1.0
lina_drisse,Variety,Directed,457,,,1.0
lina_drisse,KellyClarkson,Directed,458,,,1.0
anavitoriadme,Variety,Directed,459,,,1.0
anavitoriadme,GalGadot,Directed,460,,,1.0
anavitoriadme,PattyJenks,Directed,461,,,1.0
anavitoriadme,lifetimetv,Directed,462,,,1.0
Kernow_Life,NewlynFilmhouse,Directed,463,,,2.0
_execute_testa,m1211nasu,Directed,464,,,1.0
Brinna_Jae,GalGadot,Directed,466,,,1.0
Brinna_Jae,PattyJenks,Directed,467,,,1.0
Brinna_Jae,lifetimetv,Directed,468,,,1.0
MikeSchmidt09,The_GWW,Directed,469,,,1.0
MikeSchmidt09,wehaveahulkpod,Directed,470,,,1.0
MikeSchmidt09,startrekcbs,Directed,471,,,1.0
MikeSchmidt09,TheOrville,Directed,472,,,1.0
ArtBarroni,PosterPosse,Directed,473,,,1.0
LadyVeteran25,Variety,Directed,474,,,1.0
LadyVeteran25,LifetimeTV,Directed,475,,,1.0
FamilyOfAngels_,WarnerBrosUK,Directed,476,,,1.0
ohmariateresac,Variety,Directed,477,,,1.0
ohmariateresac,LifetimeTV,Directed,478,,,1.0
WhiteRoninFilms,theweeklyreview,Directed,479,,,1.0
carlahebling,Variety,Directed,480,,,1.0
carlahebling,LifetimeTV,Directed,481,,,1.0
DamianNixey,theweeklyreview,Directed,482,,,1.0
Pikabug1,theTelluris,Directed,483,,,1.0
alfredo_tigolo,thisisbenoliver,Directed,484,,,1.0
elizabetm1,GlassCastleFilm,Directed,485,,,1.0
elizabetm1,BookishHQ,Directed,486,,,1.0
motioncitycutie,AlertBot,Directed,487,,,1.0
motioncitycutie,WonderWomanFilm,Directed,488,,,1.0
motioncitycutie,RokuPlayer,Directed,489,,,1.0
Wavingthrough_W,Variety,Directed,490,,,1.0
Wavingthrough_W,LifetimeTV,Directed,491,,,1.0
necnectutu_h,Variety,Directed,492,,,1.0
necnectutu_h,LifetimeTV,Directed,493,,,1.0
g_kohls,eatplayrock,Directed,494,,,1.0
opa7_kb,DaveOFlanagan,Directed,495,,,1.0
tomorrowato,Variety,Directed,496,,,2.0
tomorrowato,GalGadot,Directed,497,,,1.0
tomorrowato,PattyJenks,Directed,498,,,1.0
tomorrowato,lifetimetv,Directed,499,,,1.0
michsineath,Variety,Directed,500,,,1.0
michsineath,KellyClarkson,Directed,501,,,1.0
DaniOTHfan,Variety,Directed,502,,,1.0
DaniOTHfan,KellyClarkson,Directed,503,,,1.0
berrard_mahaut,20thCFox_FR,Directed,504,,,1.0
BillleJoGrams,Variety,Directed,505,,,1.0
BillleJoGrams,KellyClarkson,Directed,506,,,1.0
Nonsenseman,LifetimeTV,Directed,508,,,1.0
ChristinaCoomb6,LovingVincent,Directed,509,,,1.0
PeterShinkoda,Variety,Directed,510,,,1.0
PeterShinkoda,GalGadot,Directed,511,,,1.0
PeterShinkoda,PattyJenks,Directed,512,,,1.0
PeterShinkoda,lifetimetv,Directed,513,,,1.0
vs4as,Variety,Directed,514,,,1.0
vs4as,GalGadot,Directed,515,,,1.0
vs4as,PattyJenks,Directed,516,,,1.0
vs4as,lifetimetv,Directed,517,,,1.0
sarafrass31,IGN,Directed,518,,,1.0
sarafrass31,pkavfc,Directed,519,,,1.0
mariaferlitaa,SpiderManMovie,Directed,520,,,1.0
blueshore1212,n0namae,Directed,521,,,1.0
MrandMrs_Clark,Lepub,Directed,522,,,1.0
Herveline88,loalaff,Directed,523,,,1.0
Herveline88,20thCFox_FR,Directed,524,,,1.0
MasterMastermnd,Darren_Mooney,Directed,525,,,1.0
sarafrass31,ArtofVFX,Directed,526,,,1.0
sarafrass31,imageworksvfx,Directed,527,,,1.0
Cloe__SanAntoni,AlexxGenesis,Directed,528,,,1.0
digitalhomeboy,lifetimetv,Directed,530,,,2.0
digitalhomeboy,PattyJenks,Directed,531,,,2.0
sarafrass31,stevenrogersbot,Directed,532,,,1.0
Xarzvi,jzamorabonilla,Directed,533,,,1.0
Larryreveza1,WarnerBrosUK,Directed,534,,,1.0
rae_noelle,Darren_Mooney,Directed,535,,,2.0
GeekPride5,Variety,Directed,536,,,1.0
GeekPride5,GalGadot,Directed,537,,,1.0
GeekPride5,PattyJenks,Directed,538,,,1.0
GeekPride5,lifetimetv,Directed,539,,,1.0
ryan_poker_,23andMe,Directed,540,,,1.0
RhitikRaja,KingsmanMovie,Directed,541,,,1.0
RhitikRaja,_juliannemoore,Directed,542,,,1.0
RhitikRaja,cineworld,Directed,543,,,1.0
JimFrench2,archiebunkerUK,Directed,544,,,1.0
digitalhomeboy,GalGadot,Directed,546,,,1.0
brionlogan,nathanmhurst,Directed,549,,,1.0
MaxFunHQ,whoshotyapod,Directed,550,,,1.0
MaxFunHQ,RickyCarmona,Directed,551,,,1.0
MaxFunHQ,AWolfeful,Directed,552,,,1.0
MaxFunHQ,TheDreaClark,Directed,553,,,1.0
msfhw,thisisbenoliver,Directed,554,,,1.0
JessiehIsGay,bamanboiVEVO,Directed,556,,,1.0
EyesWideKubrick,Variety,Directed,557,,,2.0
EyesWideKubrick,GalGadot,Directed,558,,,1.0
EyesWideKubrick,PattyJenks,Directed,559,,,1.0
EyesWideKubrick,lifetimetv,Directed,560,,,1.0
GalGadotBRA,LifetimeTV,Directed,562,,,1.0
tomorrowato,LifetimeTV,Directed,564,,,1.0
RosaBerros,RevistaMoonM,Directed,565,,,1.0
RosaBerros,jmcruzbar,Directed,566,,,1.0
nihilist_hippy,Variety,Directed,567,,,1.0
nihilist_hippy,GalGadot,Directed,568,,,1.0
nihilist_hippy,PattyJenks,Directed,569,,,1.0
nihilist_hippy,lifetimetv,Directed,570,,,1.0
TeresaFortesLuz,justiceleaguewb,Directed,571,,,1.0
emiliaheards,Variety,Directed,572,,,1.0
emiliaheards,GalGadot,Directed,573,,,1.0
emiliaheards,PattyJenks,Directed,574,,,1.0
emiliaheards,lifetimetv,Directed,575,,,1.0
holl_estup,ashleycovaa,Directed,576,,,1.0
dianacrd,WarnerBrosUK,Directed,577,,,1.0
NY_C17_princess,SpiderManMovie,Directed,578,,,1.0
BigBry7076,Variety,Directed,579,,,1.0
BigBry7076,LifetimeTV,Directed,580,,,1.0
mlp_neon_sketch,element2909,Directed,581,,,1.0
mlp_neon_sketch,Google,Directed,582,,,1.0
caivill,Variety,Directed,583,,,1.0
caivill,LifetimeTV,Directed,584,,,1.0
phun_wang,Variety,Directed,585,,,1.0
phun_wang,LifetimeTV,Directed,586,,,1.0
Mayaaaaz,loalaff,Directed,587,,,1.0
Mayaaaaz,20thCFox_FR,Directed,588,,,1.0
ZoVCustomz,Variety,Directed,589,,,1.0
ZoVCustomz,LifetimeTV,Directed,590,,,1.0
TheJokerFan2,SpiderManMovie,Directed,591,,,1.0
DespicableMe,jennifer_sikora,Directed,592,,,1.0
Coops_tv,greg_jenner,Directed,593,,,1.0
invenify,loalaff,Directed,594,,,1.0
invenify,20thCFox_FR,Directed,595,,,1.0
mozpanda16,Variety,Directed,596,,,2.0
mozpanda16,GalGadot,Directed,597,,,1.0
mozpanda16,PattyJenks,Directed,598,,,1.0
mozpanda16,lifetimetv,Directed,599,,,1.0
Th3D35tr0y3r,Tashaski27,Directed,600,,,1.0
Supercedric8427,loalaff,Directed,601,,,1.0
Supercedric8427,20thCFox_FR,Directed,602,,,1.0
privacypeeks,IFI_Dub,Directed,603,,,1.0
_Storagee_,DaveOFlanagan,Directed,604,,,1.0
Leeking44,theTelluris,Directed,605,,,1.0
shawnvalentino,bladerunner,Directed,606,,,1.0
WorstHeroEver07,Variety,Directed,607,,,1.0
WorstHeroEver07,GalGadot,Directed,608,,,1.0
WorstHeroEver07,PattyJenks,Directed,609,,,1.0
WorstHeroEver07,lifetimetv,Directed,610,,,1.0
KarimeCazares1D,TTBate,Directed,611,,,1.0
KarimeCazares1D,annabellemovie,Directed,612,,,1.0
SarelCa,Variety,Directed,613,,,3.0
SarelCa,KellyClarkson,Directed,614,,,1.0
UniversoDCnauta,GalGadot,Directed,618,,,1.0
UniversoDCnauta,PattyJenks,Directed,619,,,1.0
UniversoDCnauta,lifetimetv,Directed,620,,,1.0
4LoveOfTheRoad,MountainBetween,Directed,621,,,1.0
4LoveOfTheRoad,bladerunner,Directed,622,,,1.0
4LoveOfTheRoad,AmMadeMovie,Directed,623,,,1.0
TheComicsPals,GailSimone,Directed,624,,,1.0
TimeOfHollywood,GalGadot,Directed,626,,,1.0
TimeOfHollywood,PattyJenks,Directed,627,,,1.0
TimeOfHollywood,lifetimetv,Directed,628,,,1.0
zsommidublin,annabellemovie,Directed,629,,,1.0
magnusllewellin,arthistorynews,Directed,630,,,1.0
GalSerbia,Variety,Directed,631,,,1.0
GalSerbia,LifetimeTV,Directed,632,,,1.0
NoufyZadjalia,DaveOFlanagan,Directed,633,,,1.0
FernandoBaeza22,IMAX,Directed,634,,,1.0
elizabetm1,Everymancinema,Directed,635,,,1.0
KHWsangsun,Angela_AZ1010,Directed,636,,,1.0
Yukihe629,Variety,Directed,637,,,1.0
Yukihe629,GalGadot,Directed,638,,,1.0
Yukihe629,PattyJenks,Directed,639,,,1.0
Yukihe629,lifetimetv,Directed,640,,,1.0
dacuauhtli,Popkinema,Directed,641,,,1.0
_Rashad_H_,Variety,Directed,642,,,4.0
_Rashad_H_,KellyClarkson,Directed,643,,,2.0
edmkh,Variety,Directed,644,,,1.0
edmkh,KellyClarkson,Directed,645,,,1.0
JAscariat,Variety,Directed,646,,,1.0
JAscariat,GalGadot,Directed,647,,,1.0
JAscariat,PattyJenks,Directed,648,,,1.0
JAscariat,lifetimetv,Directed,649,,,1.0
FernandoBaeza22,DCEUMX,Directed,650,,,1.0
PhantomX1313,Variety,Directed,651,,,2.0
PhantomX1313,GalGadot,Directed,652,,,2.0
PhantomX1313,PattyJenks,Directed,653,,,2.0
PhantomX1313,lifetimetv,Directed,654,,,2.0
HPerezTapia,syromon,Directed,655,,,1.0
trovejo_,IMAX,Directed,656,,,1.0
ourseyesopen,enelcine_ar,Directed,657,,,2.0
ourseyesopen,peliculasdeFOX,Directed,658,,,2.0
famartinez2001,Laberintosarte,Directed,659,,,1.0
crom_record,Laberintosarte,Directed,660,,,1.0
TimeOfHollywood,LifetimeTV,Directed,662,,,1.0
wondrousdiana,Variety,Directed,663,,,1.0
wondrousdiana,GalGadot,Directed,664,,,1.0
wondrousdiana,PattyJenks,Directed,665,,,1.0
wondrousdiana,lifetimetv,Directed,666,,,1.0
IMGONZOFIRE83,Variety,Directed,667,,,1.0
IMGONZOFIRE83,KellyClarkson,Directed,668,,,1.0
comiczombie101,DrClawMD,Directed,669,,,1.0
msgoddessrises,Variety,Directed,670,,,1.0
msgoddessrises,LifetimeTV,Directed,671,,,1.0
pebbles2day,Variety,Directed,672,,,1.0
pebbles2day,LifetimeTV,Directed,673,,,1.0
VesperUK,J_amesp,Directed,674,,,1.0
VesperUK,MargaretAtwood,Directed,675,,,1.0
gem_hopkins,KatStarczewski,Directed,676,,,1.0
gem_hopkins,derbymuseums,Directed,677,,,1.0
gem_hopkins,LiamRSharp,Directed,678,,,1.0
barbaraigVzla,WeLoveBarbieIG,Directed,679,,,1.0
barbaraigVzla,barbaraig,Directed,680,,,1.0
passion_fruit4U,GalGadot,Directed,681,,,2.0
FocusFeatures,tanejamainhoon,Directed,682,,,1.0
FocusFeatures,a,Directed,683,,,1.0
NerdyCasual,Variety,Directed,684,,,1.0
NerdyCasual,LifetimeTV,Directed,685,,,1.0
eebraheemz,coachforward,Directed,686,,,1.0
naara_aa,bladerunner,Directed,687,,,1.0
VesperUK,bladerunner,Directed,688,,,1.0
Aurora_Hernandz,kelly_clarkson,Directed,689,,,1.0
SarelCa,GalGadot,Directed,691,,,2.0
SarelCa,PattyJenks,Directed,692,,,1.0
SarelCa,lifetimetv,Directed,693,,,2.0
FocusFeatures,VictoriaAbdul,Directed,694,,,1.0
MaliceIsGDLK,Variety,Directed,695,,,1.0
MaliceIsGDLK,LifetimeTV,Directed,696,,,1.0
ourseyesopen,MacaEncina,Directed,699,,,1.0
ourseyesopen,Itsalrighthere,Directed,700,,,1.0
ourseyesopen,mariano_12,Directed,701,,,1.0
ourseyesopen,catlavz,Directed,702,,,1.0
CineElBiografo,lacomiquera,Directed,703,,,1.0
CineElBiografo,CineElBiografo,Directed,704,,,1.0
DavidRP91,Variety,Directed,705,,,1.0
DavidRP91,GalGadot,Directed,706,,,1.0
DavidRP91,PattyJenks,Directed,707,,,1.0
DavidRP91,lifetimetv,Directed,708,,,1.0
AsunaxCherry,CNET,Directed,709,,,1.0
adrianginger,KermodeMovie,Directed,710,,,1.0
adrianginger,robbiereviews,Directed,711,,,1.0
WillKlaver,Variety,Directed,712,,,1.0
WillKlaver,GalGadot,Directed,713,,,1.0
WillKlaver,PattyJenks,Directed,714,,,1.0
WillKlaver,lifetimetv,Directed,715,,,1.0
santiag65a,DCEUMX,Directed,716,,,1.0
PhantomX1313,GeekPride5,Directed,718,,,1.0
CharlesRakes10,CNET,Directed,722,,,1.0
HarryS_AsAlways,WarnerBrosUK,Directed,723,,,1.0
gamedevilbitch,bladerunner,Directed,724,,,1.0
AgentPatel,GalGadot,Directed,725,,,1.0
DCoficialista,Variety,Directed,726,,,1.0
DCoficialista,GalGadot,Directed,727,,,1.0
DCoficialista,PattyJenks,Directed,728,,,1.0
DCoficialista,lifetimetv,Directed,729,,,1.0
AmusedAnn,WarnerBrosUK,Directed,730,,,1.0
EvanildoFreit,SonyPicturesBr,Directed,731,,,1.0
EvanildoFreit,RealRobinWright,Directed,732,,,1.0
aflynn42,SizzlerKistler,Directed,733,,,1.0
aflynn42,GailSimone,Directed,734,,,1.0
SaraMcKeeFRSA,vangoghmuseum,Directed,735,,,1.0
SaraMcKeeFRSA,LovingVincent,Directed,736,,,1.0
jakeblckmn,Variety,Directed,737,,,1.0
jakeblckmn,GalGadot,Directed,738,,,1.0
jakeblckmn,PattyJenks,Directed,739,,,1.0
jakeblckmn,lifetimetv,Directed,740,,,1.0
JackieMc0216,nathanmhurst,Directed,741,,,1.0
BrianIpuche28,DCEUMX,Directed,742,,,1.0
tcbro,Variety,Directed,743,,,1.0
tcbro,KellyClarkson,Directed,744,,,1.0
hwlfbloodx,KellyClarkson,Directed,745,,,1.0
yoursjomo,tom_hollanders_,Directed,746,,,1.0
yoursjomo,TomHolland1996,Directed,747,,,1.0
rogaso6,AlexxGenesis,Directed,748,,,1.0
muchopikalberto,SonyPicturesCol,Directed,749,,,1.0
cineMAppazzone,GalGadot,Directed,750,,,1.0
FdoSantoyoTello,playersoflife,Directed,751,,,1.0
ks7000,AvedonNicholas,Directed,752,,,3.0
LyraFay,Variety,Directed,756,,,1.0
LyraFay,GalGadot,Directed,757,,,1.0
LyraFay,PattyJenks,Directed,758,,,1.0
LyraFay,lifetimetv,Directed,759,,,1.0
commar86,Variety,Directed,760,,,1.0
commar86,GalGadot,Directed,761,,,1.0
commar86,PattyJenks,Directed,762,,,1.0
commar86,lifetimetv,Directed,763,,,1.0
DrManhattans,Variety,Directed,764,,,1.0
DrManhattans,KellyClarkson,Directed,765,,,1.0
BossEnderDude,EmojiMovie,Directed,766,,,1.0
Renan1990,WarnerBrosUK,Directed,767,,,1.0
sgtyates,IMAX,Directed,768,,,1.0
ks7000,ks7000,Directed,769,,,1.0
ks7000,PresImplacable,Directed,771,,,1.0
De_La_Fuente_23,DCEUMX,Directed,772,,,1.0
AlexMLancaster,WarnerBrosUK,Directed,773,,,1.0
Sheigher,annabellemovie,Directed,774,,,2.0
crom_record,fabymoz,Directed,775,,,1.0
SMKP_Films,whoshotyapod,Directed,776,,,1.0
SMKP_Films,RickyCarmona,Directed,777,,,1.0
SMKP_Films,AWolfeful,Directed,778,,,1.0
SMKP_Films,TheDreaClark,Directed,779,,,1.0
keysersaur,ALANNEILWM,Directed,780,,,1.0
keysersaur,tentaciones,Directed,781,,,1.0
tsbuilderboy,element2909,Directed,782,,,1.0
tsbuilderboy,Google,Directed,783,,,1.0
Sheigher,creepypuppet,Directed,785,,,1.0
jussticeleague,Variety,Directed,786,,,1.0
jussticeleague,LifetimeTV,Directed,787,,,1.0
p3rryGray,Variety,Directed,788,,,1.0
p3rryGray,LifetimeTV,Directed,789,,,1.0
kwakupretingle,SilverbirdGhana,Directed,790,,,1.0
Swikithegreat,Variety,Directed,791,,,1.0
Swikithegreat,LifetimeTV,Directed,792,,,1.0
ZBCZone,AQOFthemovie,Directed,793,,,1.0
ROPmaidenYT,StripMarvel,Directed,794,,,1.0
MunsterMoe,annabellemovie,Directed,795,,,1.0
fincherism,Variety,Directed,796,,,1.0
fincherism,GalGadot,Directed,797,,,1.0
fincherism,PattyJenks,Directed,798,,,1.0
fincherism,lifetimetv,Directed,799,,,1.0
wondsrwomsn,DeaLawrence1,Directed,800,,,1.0
wondsrwomsn,Variety,Directed,801,,,1.0
WillMontgomer14,Variety,Directed,803,,,1.0
WillMontgomer14,KellyClarkson,Directed,804,,,1.0
JesabelRaay,Variety,Directed,805,,,2.0
JesabelRaay,GalGadot,Directed,806,,,1.0
JesabelRaay,PattyJenks,Directed,807,,,1.0
JesabelRaay,lifetimetv,Directed,808,,,1.0
CantizanoAndrea,WarnerBrosUK,Directed,809,,,1.0
atomkinder6,bladerunner,Directed,810,,,1.0
JackieOMoleski,ericvale,Directed,811,,,1.0
crom_record,FrikiSol,Directed,812,,,1.0
_Rashad_H_,LifetimeTV,Directed,814,,,1.0
_Morena_16,WarnerBrosUK,Directed,815,,,1.0
DespicableMe,GiveawayGirlEm,Directed,816,,,1.0
ItsmeVID,GalGadot,Directed,817,,,1.0
ItsmeVID,PattyJenks,Directed,818,,,1.0
ItsmeVID,WonderWomanFilm,Directed,819,,,1.0
DianaBS87,Hyperguy_HD,Directed,820,,,1.0
ElCluso,angelicabastien,Directed,821,,,1.0
ElCluso,vulture,Directed,822,,,1.0
nfc_nick,nerdflixchill,Directed,823,,,1.0
JanetOS_,ingreenskies,Directed,824,,,1.0
RDrago66,Variety,Directed,825,,,3.0
RDrago66,LifetimeTV,Directed,826,,,1.0
PhantomX1313,DCEUMX,Directed,827,,,1.0
filmproductionb,Variety,Directed,828,,,1.0
filmproductionb,LifetimeTV,Directed,829,,,1.0
LadyJuliet6,Variety,Directed,830,,,1.0
LadyJuliet6,LifetimeTV,Directed,831,,,1.0
RDrago66,GalGadot,Directed,836,,,1.0
RDrago66,PattyJenks,Directed,837,,,1.0
RDrago66,lifetimetv,Directed,838,,,1.0
cvnnerkent,Variety,Directed,839,,,1.0
cvnnerkent,GalGadot,Directed,840,,,1.0
cvnnerkent,PattyJenks,Directed,841,,,1.0
cvnnerkent,lifetimetv,Directed,842,,,1.0
Rick_24K,Katphotography1,Directed,843,,,1.0
Rick_24K,HerUniverse,Directed,844,,,1.0
hxrietxoxo,WarnerBrosUK,Directed,845,,,1.0
celogalhano,Variety,Directed,846,,,1.0
celogalhano,LifetimeTV,Directed,847,,,1.0
CantizanoAndrea,Harry_Styles,Directed,848,,,1.0
stonezago,AmazonVideo,Directed,849,,,1.0
CraigSu1,GalGadot,Directed,850,,,1.0
djanasprince,Variety,Directed,851,,,2.0
djanasprince,GalGadot,Directed,852,,,1.0
djanasprince,PattyJenks,Directed,853,,,1.0
djanasprince,lifetimetv,Directed,854,,,1.0
Dany_Extreme,DCFilmaniacos,Directed,855,,,1.0
RDrago66,KellyClarkson,Directed,857,,,1.0
2hh88mccoyv,MarkMahon,Directed,858,,,1.0
JanetOS_,adrianbowyer,Directed,859,,,1.0
smokinhokin,WarnerBrosUK,Directed,860,,,1.0
MirrorLadies,MindyMossXO,Directed,861,,,1.0
MirrorLadies,CamModelsNowCom,Directed,862,,,1.0
AfterBurn739,thecountdownpc,Directed,863,,,1.0
canada_panda,Variety,Directed,864,,,2.0
canada_panda,LifetimeTV,Directed,865,,,1.0
djanasprince,LifetimeTV,Directed,867,,,1.0
modernpoly,PolyamoryNews,Directed,868,,,1.0
modernpoly,rosiebiwords,Directed,869,,,1.0
modernpoly,BabsinGlasses,Directed,870,,,1.0
AprendizMusico,DCFilmaniacos,Directed,871,,,1.0
JanetOS_,NParker009,Directed,872,,,1.0
mcottenden,Fandor,Directed,873,,,1.0
JanetOS_,SammyR21,Directed,874,,,1.0
Josh2Gud4U,Variety,Directed,875,,,1.0
Josh2Gud4U,GalGadot,Directed,876,,,1.0
Josh2Gud4U,PattyJenks,Directed,877,,,1.0
Josh2Gud4U,lifetimetv,Directed,878,,,1.0
HarryStyh,WarnerBrosUK,Directed,879,,,1.0
JanetOS_,dtdinh,Directed,880,,,1.0
HarryStyh,empiremagazine,Directed,881,,,1.0
canada_panda,GalGadot,Directed,883,,,1.0
canada_panda,PattyJenks,Directed,884,,,1.0
canada_panda,lifetimetv,Directed,885,,,1.0
PhantomX1313,CNET,Directed,886,,,1.0
miya_mccray,Variety,Directed,887,,,2.0
miya_mccray,LifetimeTV,Directed,888,,,1.0
JustKendall93,Variety,Directed,889,,,1.0
JustKendall93,LifetimeTV,Directed,890,,,1.0
rockett70,Laberintosarte,Directed,891,,,1.0
ifavgadot,Variety,Directed,892,,,2.0
ifavgadot,LifetimeTV,Directed,893,,,1.0
pwrlwt,WarnerBrosUK,Directed,894,,,1.0
OnePerfectShot,rejects,Directed,895,,,1.0
OnePerfectShot,stormofspoilers,Directed,896,,,1.0
ifavgadot,GalGadot,Directed,898,,,1.0
ifavgadot,PattyJenks,Directed,899,,,1.0
ifavgadot,lifetimetv,Directed,900,,,1.0
causefilmfest,theweeklyreview,Directed,901,,,1.0
NightingaleYor1,Aglaia_Berlutti,Directed,902,,,1.0
NightingaleYor1,lustermagazine,Directed,903,,,1.0
onedagay,nerdypoc,Directed,904,,,1.0
LosInmamables,LosInmamables,Directed,905,,,1.0
Coreallan,LosInmamables,Directed,906,,,1.0
styIesdevil,WarnerBrosUK,Directed,907,,,1.0
miya_mccray,GalGadot,Directed,909,,,1.0
miya_mccray,PattyJenks,Directed,910,,,1.0
miya_mccray,lifetimetv,Directed,911,,,1.0
ekapurkapur,YouTube,Directed,912,,,1.0
gatitomiaudc,DCEUMX,Directed,913,,,1.0
tesoromish,nerdypoc,Directed,914,,,1.0
dennerdias27,Xbox,Directed,915,,,1.0
lolee_azzam,WarnerBrosUK,Directed,916,,,1.0
dianaprincing,Variety,Directed,917,,,2.0
dianaprincing,GalGadot,Directed,918,,,1.0
dianaprincing,PattyJenks,Directed,919,,,1.0
dianaprincing,lifetimetv,Directed,920,,,1.0
The_Crying_Moon,AQOFthemovie,Directed,921,,,3.0
mozpanda16,LifetimeTV,Directed,923,,,1.0
MarcDavidGaudry,Variety,Directed,924,,,1.0
MarcDavidGaudry,GalGadot,Directed,925,,,1.0
MarcDavidGaudry,PattyJenks,Directed,926,,,1.0
MarcDavidGaudry,lifetimetv,Directed,927,,,1.0
spacemaghrebi,nerdypoc,Directed,928,,,1.0
skymods,atomkinder6,Directed,929,,,1.0
skymods,bladerunner,Directed,930,,,1.0
dianaprincing,LifetimeTV,Directed,932,,,1.0
celeb_studies,JackieRaphael,Directed,933,,,1.0
parkprang,theTelluris,Directed,934,,,1.0
princessgadot,Variety,Directed,935,,,1.0
princessgadot,LifetimeTV,Directed,936,,,1.0
medonnab,Ramon_N90,Directed,937,,,1.0
_Rashad_H_,GalGadot,Directed,939,,,1.0
_Rashad_H_,PattyJenks,Directed,940,,,1.0
_Rashad_H_,lifetimetv,Directed,941,,,1.0
mommasaysobama,Variety,Directed,942,,,2.0
mommasaysobama,KellyClarkson,Directed,943,,,1.0
KateMarieAdams,Gelliman82,Directed,944,,,1.0
dsm67,BatmanNewsCom,Directed,945,,,1.0
wondygal,Variety,Directed,946,,,1.0
wondygal,LifetimeTV,Directed,947,,,1.0
manthx,Variety,Directed,948,,,1.0
manthx,GalGadot,Directed,949,,,1.0
manthx,PattyJenks,Directed,950,,,1.0
manthx,lifetimetv,Directed,951,,,1.0
AppleGr01612739,apbmontano,Directed,952,,,1.0
_juan_jose,AndesFilmsPe,Directed,953,,,1.0
_juan_jose,RyanGosling,Directed,954,,,1.0
jeffthein,alexfilmpro,Directed,955,,,1.0
B_jinkabell,theTelluris,Directed,957,,,1.0
adrianherrera10,tattoogirlspain,Directed,958,,,1.0
mommasaysobama,kellyclarkson,Directed,960,,,1.0
LukeEvans_News,marstonmovie,Directed,961,,,1.0
LukeEvans_News,RobinsonAngela,Directed,962,,,1.0
b_eternal757,CNET,Directed,963,,,1.0
pinkpopcornfilm,Variety,Directed,964,,,1.0
pinkpopcornfilm,GalGadot,Directed,965,,,1.0
pinkpopcornfilm,PattyJenks,Directed,966,,,1.0
pinkpopcornfilm,lifetimetv,Directed,967,,,1.0
AgurtGomez,annabellemovie,Directed,968,,,1.0
lexluthoz,Variety,Directed,969,,,1.0
lexluthoz,LifetimeTV,Directed,970,,,1.0
xfireflyx3,bamanboiVEVO,Directed,971,,,1.0
pinecavill,Variety,Directed,972,,,1.0
pinecavill,LifetimeTV,Directed,973,,,1.0
AngelLuque2001,pipevicioso,Directed,974,,,1.0
ezragaI,Variety,Directed,975,,,1.0
ezragaI,LifetimeTV,Directed,976,,,1.0
platypusrme,bladerunner,Directed,977,,,1.0
JesabelRaay,LifetimeTV,Directed,979,,,1.0
Kidnapthamoney1,FatD212,Directed,980,,,1.0
Kidnapthamoney1,PaperChasinTee,Directed,981,,,2.0
Kidnapthamoney1,YungggBillaaa,Directed,982,,,1.0
CoinsInfoXYZ,mindpass2050,Directed,984,,,1.0
McClain_on_NFL,Variety,Directed,985,,,1.0
McClain_on_NFL,LifetimeTV,Directed,986,,,1.0
FlutterRetweets,BronyMate,Directed,987,,,1.0
KlaineyBear1,Darren_Mooney,Directed,988,,,6.0
dorkwayne,Variety,Directed,989,,,1.0
dorkwayne,LifetimeTV,Directed,990,,,1.0
The_Crying_Moon,OfficialReneeOC,Directed,991,,,1.0
The_Crying_Moon,RealLucyLawless,Directed,993,,,1.0
The_Crying_Moon,AnaMSL4ever,Directed,994,,,1.0
The_Crying_Moon,thebigloc,Directed,995,,,1.0
The_Crying_Moon,LenaDalli,Directed,996,,,1.0
The_Crying_Moon,dlsquared2,Directed,997,,,1.0
The_Crying_Moon,sjf13k_sj,Directed,998,,,1.0
theprincesamu,AndesFilmsPe,Directed,999,,,1.0
theprincesamu,RyanGosling,Directed,1000,,,1.0
LokiBartleby,bladerunner,Directed,1002,,,1.0
LokiBartleby,RyanGosling,Directed,1003,,,1.0
LokiBartleby,Ana_d_Armas,Directed,1004,,,1.0
Kevinolivagonz,sonypictures_es,Directed,1005,,,1.0
BackToBee,Variety,Directed,1006,,,1.0
BackToBee,KellyClarkson,Directed,1007,,,1.0
BronyRetweets,ssarkasmi,Directed,1008,,,2.0
Agnosis9,Neomalkavian,Directed,1010,,,1.0
ManuelRo2050,OnePerfectShot,Directed,1011,,,1.0
ManuelRo2050,rejects,Directed,1012,,,1.0
ManuelRo2050,stormofspoilers,Directed,1013,,,1.0
oiselle_sally,Variety,Directed,1015,,,1.0
oiselle_sally,GalGadot,Directed,1016,,,1.0
oiselle_sally,PattyJenks,Directed,1017,,,1.0
oiselle_sally,lifetimetv,Directed,1018,,,1.0
SiberiaMachines,lights,Directed,1019,,,1.0
carlosmoreno_ch,MariaPalmero_,Directed,1020,,,1.0
carlosmoreno_ch,LaLlamadaLaPeli,Directed,1021,,,1.0
carlosmoreno_ch,soyambrossi,Directed,1022,,,1.0
carlosmoreno_ch,javviercalvo,Directed,1023,,,1.0
Jorgeluenda,HLfavorito,Directed,1024,,,1.0
Jorgeluenda,Knifer259Adrian,Directed,1025,,,1.0
CooperKnox,Variety,Directed,1026,,,1.0
CooperKnox,GalGadot,Directed,1027,,,1.0
CooperKnox,PattyJenks,Directed,1028,,,1.0
CooperKnox,lifetimetv,Directed,1029,,,1.0
JMIAHONLINE,justiceleaguewb,Directed,1030,,,1.0
__AntoniaWhite,WarnerBrosUK,Directed,1031,,,1.0
hazelnut317,Variety,Directed,1032,,,1.0
hazelnut317,KellyClarkson,Directed,1033,,,1.0
kylewflora,fandango,Directed,1034,,,1.0
JAscariat,Darren_Mooney,Directed,1035,,,1.0
elkellima,Variety,Directed,1036,,,2.0
elkellima,KellyClarkson,Directed,1037,,,2.0
pinemorley,Variety,Directed,1038,,,1.0
pinemorley,LifetimeTV,Directed,1039,,,1.0
madipeciosa,ecartelera,Directed,1040,,,1.0
kennykraly,ladiesofcomics,Directed,1043,,,1.0
kennykraly,JssMerino,Directed,1044,,,1.0
saramarz,OnePerfectShot,Directed,1045,,,1.0
saramarz,rejects,Directed,1046,,,1.0
saramarz,stormofspoilers,Directed,1047,,,1.0
Janisku7,Artyfakes,Directed,1048,,,1.0
mommasaysobama,JarettSays,Directed,1051,,,1.0
mommasaysobama,JuddApatow,Directed,1052,,,1.0
mommasaysobama,edbegleyjr,Directed,1053,,,1.0
ESPNRadio,adnanESPN,Directed,1054,,,1.0
ESPNRadio,ScottFeinberg,Directed,1055,,,1.0
Bey_Mafia,Variety,Directed,1056,,,1.0
Bey_Mafia,GalGadot,Directed,1057,,,1.0
Bey_Mafia,PattyJenks,Directed,1058,,,1.0
Bey_Mafia,lifetimetv,Directed,1059,,,1.0
DespicableMe,LydiaMBowers,Directed,1060,,,1.0
BSGDrew,cameronmonaghan,Directed,1061,,,1.0
JustADamnHero,DCEUMX,Directed,1062,,,1.0
aliensonIy,thisisbenoliver,Directed,1063,,,1.0
CalireBlackInk,Variety,Directed,1064,,,1.0
CalireBlackInk,GalGadot,Directed,1065,,,1.0
CalireBlackInk,PattyJenks,Directed,1066,,,1.0
CalireBlackInk,lifetimetv,Directed,1067,,,1.0
Pollobarba,OlmoGonzalez,Directed,1069,,,1.0
RachKStevens,LovingVincent,Directed,1070,,,1.0
RachKStevens,PhoenixLeic,Directed,1071,,,1.0
epskrcgl,Cinemaximum,Directed,1072,,,1.0
mommasaysobama,ariannahuff,Directed,1073,,,1.0
mommasaysobama,Benioff,Directed,1074,,,1.0
sumaschill,Variety,Directed,1075,,,1.0
sumaschill,KellyClarkson,Directed,1076,,,1.0
biotene2010,lucrezianews,Directed,1077,,,1.0
MattGaming_76,GoslingFrance,Directed,1078,,,1.0
MacaulayRickett,WarnerBrosUK,Directed,1079,,,1.0
ApMarvel,Variety,Directed,1080,,,1.0
ApMarvel,GalGadot,Directed,1081,,,1.0
ApMarvel,PattyJenks,Directed,1082,,,1.0
ApMarvel,lifetimetv,Directed,1083,,,1.0
BubbIyShai,BatmanNewsCom,Directed,1084,,,1.0
petitebushmills,prattman711,Directed,1085,,,1.0
StarSong13,BronyMate,Directed,1086,,,1.0
GeekGirlRiot,idobiradio,Directed,1087,,,1.0
mj178tak,pinausagi,Directed,1088,,,1.0
jlaweutevenero,PopcornStation1,Directed,1089,,,1.0
uriel_cas_flei,WeLoveBarbieIG,Directed,1090,,,1.0
uriel_cas_flei,barbaraig,Directed,1091,,,1.0
Valery_Tommo01,WarnerBrosUK,Directed,1092,,,1.0
EyesWideKubrick,LifetimeTV,Directed,1094,,,1.0
ArTallks,Variety,Directed,1095,,,1.0
ArTallks,GalGadot,Directed,1096,,,1.0
ArTallks,PattyJenks,Directed,1097,,,1.0
ArTallks,lifetimetv,Directed,1098,,,1.0
theapptrade,cybercodetwins,Directed,1099,,,1.0
ahmetgargili,OnePerfectShot,Directed,1100,,,1.0
ahmetgargili,rejects,Directed,1101,,,1.0
ahmetgargili,stormofspoilers,Directed,1102,,,1.0
ThotLyncher,bamanboiVEVO,Directed,1103,,,1.0
rhiannonkatie18,Variety,Directed,1104,,,1.0
rhiannonkatie18,KellyClarkson,Directed,1105,,,1.0
monasso,greg_jenner,Directed,1106,,,1.0
EvanCastella,OnePerfectShot,Directed,1107,,,1.0
EvanCastella,rejects,Directed,1108,,,1.0
EvanCastella,stormofspoilers,Directed,1109,,,1.0
LastSonofKryp,WarriorDiana1,Directed,1110,,,1.0
dayana_rorenu,SpiderManMovie,Directed,1111,,,1.0
ArTallks,officialnoho,Directed,1112,,,1.0
finaltle_2545,IGN,Directed,1113,,,1.0
HarryStylesBol,WarnerBrosUK,Directed,1114,,,1.0
cathyfwilson2,alibra4_cathy,Directed,1115,,,1.0
louisloverangel,WarnerBrosUK,Directed,1116,,,1.0
alcaderr,Variety,Directed,1117,,,1.0
alcaderr,GalGadot,Directed,1118,,,1.0
alcaderr,PattyJenks,Directed,1119,,,1.0
alcaderr,lifetimetv,Directed,1120,,,1.0
No_Normal_Bitch,DylanOBrienPOL,Directed,1121,,,1.0
katycatkaren,Variety,Directed,1122,,,1.0
katycatkaren,KellyClarkson,Directed,1123,,,1.0
ollidressler,RyanGosling,Directed,1124,,,1.0
chemg07,Fnac,Directed,1125,,,2.0
EnigmasLight99,Variety,Directed,1127,,,1.0
EnigmasLight99,GalGadot,Directed,1128,,,1.0
EnigmasLight99,PattyJenks,Directed,1129,,,1.0
EnigmasLight99,lifetimetv,Directed,1130,,,1.0
crippled_swan,EmojiMovie,Directed,1131,,,1.0
e1ynur,SpiderManMovie,Directed,1132,,,1.0
scj,siouxbruce,Directed,1133,,,1.0
LT38,Variety,Directed,1134,,,2.0
LT38,LifetimeTV,Directed,1135,,,1.0
terryleelife,SpiderManMovie,Directed,1136,,,1.0
SteveCalderon85,Collider,Directed,1137,,,1.0
SteveCalderon85,BrianFormo,Directed,1138,,,1.0
LT38,GalGadot,Directed,1140,,,1.0
LT38,PattyJenks,Directed,1141,,,1.0
LT38,lifetimetv,Directed,1142,,,1.0
WolvertonNash,TheJeffBridges,Directed,1143,,,1.0
WolvertonNash,helpforheroes,Directed,1144,,,1.0
WolvertonNash,channingtatum,Directed,1145,,,1.0
ConversationCA,ronburnett,Directed,1146,,,1.0
ConversationCA,EmilyCarrU,Directed,1147,,,1.0
TheBOSSofStress,coachforward,Directed,1148,,,1.0
globol10,AmazonVideo,Directed,1149,,,1.0
stylesremus,WarnerBrosUK,Directed,1150,,,1.0
NayaCutYoNails,nerdypoc,Directed,1151,,,1.0
SingingSurgeon,SmashG0D,Directed,1152,,,1.0
SingingSurgeon,lloD74,Directed,1153,,,1.0
futurehako,Variety,Directed,1154,,,1.0
futurehako,LifetimeTV,Directed,1155,,,1.0
kaitlin_gasner,TomHolland1996,Directed,1156,,,1.0
joaomar13471263,annabellemovie,Directed,1157,,,1.0
Accentaccesoriz,deegeemariegift,Directed,1158,,,1.0
BaireJoe,Variety,Directed,1159,,,1.0
BaireJoe,LifetimeTV,Directed,1160,,,1.0
jorshrr,GalGadot,Directed,1161,,,2.0
rmungo13,Variety,Directed,1162,,,1.0
rmungo13,GalGadot,Directed,1163,,,1.0
rmungo13,PattyJenks,Directed,1164,,,1.0
rmungo13,lifetimetv,Directed,1165,,,1.0
WilfredBLS,annabellemovie,Directed,1166,,,1.0
talknfilms,Variety,Directed,1167,,,1.0
talknfilms,GalGadot,Directed,1168,,,1.0
talknfilms,PattyJenks,Directed,1169,,,1.0
talknfilms,lifetimetv,Directed,1170,,,1.0
Toontanner,OnePerfectShot,Directed,1171,,,1.0
Toontanner,rejects,Directed,1172,,,1.0
Toontanner,stormofspoilers,Directed,1173,,,1.0
ColettesMovies,AQOFthemovie,Directed,1174,,,1.0
Lbaini,village_cines,Directed,1175,,,1.0
AndrewSzala,OnePerfectShot,Directed,1176,,,1.0
AndrewSzala,rejects,Directed,1177,,,1.0
AndrewSzala,stormofspoilers,Directed,1178,,,1.0
momtograndma,eatplayrock,Directed,1179,,,1.0
Batwing626,Variety,Directed,1180,,,1.0
Batwing626,KellyClarkson,Directed,1181,,,1.0
TreyGameDev,bladerunner,Directed,1182,,,1.0
tammyinlalaland,Variety,Directed,1183,,,1.0
tammyinlalaland,LifetimeTV,Directed,1184,,,1.0
BronyRetweets,CorpulentBrony,Directed,1185,,,1.0
ChatSuffit,LovingVincent,Directed,1186,,,1.0
antiwhorenina,ninadobrev,Directed,1188,,,1.0
mcottenden,IMAX,Directed,1189,,,1.0
nic_mm,Variety,Directed,1190,,,2.0
nic_mm,GalGadot,Directed,1191,,,1.0
nic_mm,PattyJenks,Directed,1192,,,2.0
nic_mm,lifetimetv,Directed,1193,,,2.0
lostwarbler,WarnerBrosUK,Directed,1194,,,1.0
pirila_d,village_cines,Directed,1195,,,1.0
WilfredBLS,justiceleaguewb,Directed,1196,,,1.0
itsjael_10,Variety,Directed,1197,,,1.0
itsjael_10,KellyClarkson,Directed,1198,,,1.0
themyscirae,Variety,Directed,1199,,,1.0
themyscirae,LifetimeTV,Directed,1200,,,1.0
Helenamackenzie,LovingVincent,Directed,1201,,,1.0
MaylandMorag,GalGadot,Directed,1202,,,1.0
BiankaNYC,JasonLVoorhees,Directed,1203,,,1.0
jakejordon2,bladerunner,Directed,1204,,,1.0
DrinkAsWest,DCEUMX,Directed,1205,,,1.0
Tricia53561881,KingsmanMovie,Directed,1206,,,1.0
HeroicGateway,Variety,Directed,1207,,,1.0
HeroicGateway,KellyClarkson,Directed,1208,,,1.0
penguinscribble,NBCUniversal,Directed,1209,,,1.0
jooeun00,seijun_yang,Directed,1210,,,1.0
simpleacresblog,eatplayrock,Directed,1211,,,1.0
VivalaRia,TracyYOliver,Directed,1212,,,1.0
VivalaRia,Variety,Directed,1213,,,1.0
PNolan14,AlertBot,Directed,1214,,,2.0
PNolan14,WonderWomanFilm,Directed,1215,,,2.0
PNolan14,RokuPlayer,Directed,1216,,,2.0
NakkabiAlex,Variety,Directed,1217,,,1.0
NakkabiAlex,LifetimeTV,Directed,1218,,,1.0
zoumrouda,Variety,Directed,1219,,,1.0
zoumrouda,GalGadot,Directed,1220,,,1.0
zoumrouda,lifetimetv,Directed,1221,,,1.0
thinker_foreign,GalGadot,Directed,1223,,,1.0
thinker_foreign,PattyJenks,Directed,1224,,,1.0
thinker_foreign,lifetimetv,Directed,1225,,,1.0
J_beezy2729,IGN,Directed,1226,,,1.0
ZTheJustOK,OnePerfectShot,Directed,1227,,,1.0
ZTheJustOK,rejects,Directed,1228,,,1.0
ZTheJustOK,stormofspoilers,Directed,1229,,,1.0
FearHellsGate,CinemaJaw,Directed,1230,,,1.0
FearHellsGate,FearHellsGate,Directed,1231,,,1.0
ninaskote,antiwhorenina,Directed,1232,,,1.0
ninaskote,ninadobrev,Directed,1233,,,1.0
jbh4313,EmojiMovie,Directed,1234,,,1.0
andymitch74,bladerunner,Directed,1238,,,1.0
ShitTm2,annabellemovie,Directed,1239,,,1.0
BronyRetweets,AlixLanett,Directed,1241,,,1.0
TrashPandas83,slcpd,Directed,1242,,,1.0
