JACC_90,ecartelera
dmcaputo,kelly_clarkson
dmcaputo,GalGadot
shashashasha,JoRoan
shashashasha,shashashasha
shashashasha,eeeeenid
shashashasha,xuhulk
shashashasha,tealtan
VinceRemoTwit,annabellemovie
LIONPON3,Kanerudo66
depepi,TheMarySue
depepi,marstonmovie
rock1er,Variety
rock1er,KellyClarkson
evelyn_kunze,Variety
evelyn_kunze,KellyClarkson
EMMAnimation,thisisbenoliver
s_oldham,Variety
s_oldham,KellyClarkson
TimeOfHollywood,Variety
TimeOfHollywood,KellyClarkson
Xaychii,ken_koy
Rfourone,WarriorDiana1
jenyy_16,bloominflowerss
Ingridcoley,SJavi12
evelyn_kunze,Variety
evelyn_kunze,KellyClarkson
Cakesugartaste,Littleponyloves
Cakesugartaste,MLPMovie
Cakesugartaste,AndreaLibman
Cakesugartaste,tarastrong
Cakesugartaste,ash_leigh_ball
Cakesugartaste,StTabitha
Cakesugartaste,CathyWeseluck
NatClaire190,Variety
NatClaire190,KellyClarkson
mollyjoy10,AlertBot
mollyjoy10,WonderWomanFilm
mollyjoy10,RokuPlayer
JoyHeeb,F13thFranchise
rebeccaalpert1,Variety
rebeccaalpert1,KellyClarkson
clarksonrulez,Variety
clarksonrulez,KellyClarkson
TVSHOWCLIPS,AmazonVideo
riverdlinson,WarnerBrosUK
wonderyonce,Variety
wonderyonce,KellyClarkson
Neel_Madtings,Variety
Neel_Madtings,KellyClarkson
clarksonrulez,Variety
clarksonrulez,KellyClarkson
in_aha,Gartenbaukino
MummyFever,wonderwoman
WonderMorri,20thCFox_FR
WonderMorri,20thCFox_FR
KathyA11,Variety
KathyA11,KellyClarkson
jacoblyon55,ParkwayBeverley
jacoblyon55,FlemingateBev
BiebyssArianaaa,Variety
BiebyssArianaaa,KellyClarkson
AMarriedAgent,KingsmanMovie
illusionsfacade,DaveOFlanagan
FittenRicardo,annabellemovie
Cakelette_,tiltbrush
iBalusa,BANGShowbiz
benjancewicz,JoRoan
benjancewicz,shashashasha
benjancewicz,eeeeenid
benjancewicz,xuhulk
benjancewicz,tealtan
ktruequeen,space_nearby
Jess_Wise3,ninadobrev
BuffGeekPodcast,The_GWW
BuffGeekPodcast,wehaveahulkpod
BuffGeekPodcast,startrekcbs
BuffGeekPodcast,TheOrville
laclark2002,RegalMovies
laclark2002,IMAX
ideas_micky,ideas_micky
NimbleGlance,Kanerudo66
ideas_micky,ideas_micky
loisjoannelanes,Variety
loisjoannelanes,KellyClarkson
ejrtairne,JoRoan
ejrtairne,shashashasha
ejrtairne,eeeeenid
ejrtairne,xuhulk
ejrtairne,tealtan
ideas_micky,ideas_micky
lunarphillester,SpiderManMovie
Walnoem,20thCFox_FR
Walnoem,20thCFox_FR
TheRoot,MarstonMovie
TheRoot,RobinsonAngela
falcon1282,BatmanNewsCom
superboykent007,Variety
superboykent007,KellyClarkson
ideas_micky,ideas_micky
silviarocha18,20CenturyFoxUK
silviarocha18,Variety
silviarocha18,netflix
AgentIgraine,StatesmanAgent
ideas_micky,ideas_micky
NicolesChoice1,JohnnieBowers47
NicolesChoice1,ShowPlaceICON
NicolesChoice1,wbpictures
NicolesChoice1,NicolesChoice1
NicolesChoice1,DwilightF
fetishwilk,WarnerBrosUK
ideas_micky,ideas_micky
ideas_micky,ideas_micky
curledbananas8,WarnerBrosUK
ideas_micky,ideas_micky
ayeshakfaines,TheRoot
ayeshakfaines,MarstonMovie
ayeshakfaines,RobinsonAngela
Cest_m0i,sonypictures_es
DespicableMe,ByEmilyStephens
SiriboeSquad,girlstripmovie
TheLennoXFiles,Variety
TheLennoXFiles,KellyClarkson
isbanshwee,GalGadotBRA
MusicBoxHR,bladerunner
zulunationman,Twaddles_24
yamina_g,20thCFox_FR
yamina_g,20thCFox_FR
Johnleblog,mariusserra
trotterpower,RyanJL
trotterpower,kelly_clarkson
AMiraclePath,ExaultedLove
gleescovers,WarnerBrosUK
armgra,ortyzapple
cyberrpunks,bladerunner
element2909,Google
VCA1979,sonypictures_es
ImJustOneLiar,Variety
ImJustOneLiar,KellyClarkson
thinker_foreign,Variety
thinker_foreign,KellyClarkson
ga_filmlawyer,boxofficemojo
ga_filmlawyer,BladeRunner
ga_filmlawyer,MountainBetween
BronyRetweets,element2909
BronyRetweets,Google
ilaiza_perez,Variety
ilaiza_perez,KellyClarkson
TracyYOliver,Variety
Discrete_sc,Variety
SuperKetu,JoRoan
SuperKetu,shashashasha
SuperKetu,eeeeenid
SuperKetu,xuhulk
SuperKetu,tealtan
_Mvxwell_,bladerunner
nikroybal,Variety
nikroybal,KellyClarkson
Salam_Rhoya,ThatFenty_
GastonGrimsdyke,DaveOFlanagan
BotOfDerpy,BronyMate
breakneckfilms,glasgowfilm
EMZTRadio,3geekspodcast
EMZTRadio,YouTube
EMZTRadio,MikeMcGTV
TheNoirZone,AnnLaabs
lizziescrown,WarnerBrosUK
mratomicboomb,Variety
mratomicboomb,KellyClarkson
WillianClaraTV,boxofficemojo
WillianClaraTV,BladeRunner
WillianClaraTV,MountainBetween
juanroyoabenia,LigaJusticia_ES
Fslcox,bladerunner
kapooksavemoney,moviesmusic_th
Love_My_Canada,ABC7
QuinzelDra,Variety
QuinzelDra,GalGadot
QuinzelDra,lifetimetv
WonderWomanDany,Variety
WonderWomanDany,KellyClarkson
TheLennoXFiles,Variety
TheLennoXFiles,KellyClarkson
22joujou,Variety
22joujou,KellyClarkson
nartobia,WarnerBrosUK
fedeecoro95,ElGeekSinNombre
r_drown,LovingVincent
TheMelFarley,goodyk
TheMelFarley,USATODAY
SeanEssary,SamuelLJackson
noteyousend,WarnerBrosUK
cheeseamberger,TracyYOliver
cheeseamberger,Variety
Nate09150009,SpiderManMovie
Jay_3085,Variety
Jay_3085,KellyClarkson
szilviade_,pinausagi
HerecomesRow,WarnerBrosUK
krummy09,Variety
krummy09,KellyClarkson
ella_ramosr,WarnerBrosUK
fincherism,BatmanMeer1989
fincherism,GeekPride5
fincherism,SunflowerJD
fincherism,lil_harmonizer
fincherism,YeagerKristel
amit_pande,mariachong
FunSizedFarley,goodyk
FunSizedFarley,USATODAY
markfparis,Variety
markfparis,GalGadot
markfparis,lifetimetv
valkyrierisen,TheRoot
valkyrierisen,MarstonMovie
valkyrierisen,RobinsonAngela
TOMhollic,SpiderManMovie
element2909,secretfrenchfry
reneyrodriguez,radioalterna75
reissim,20thCFox_FR
reissim,20thCFox_FR
oxymoron_92,WarnerBrosUK
princeclarkey,princeclarkey
marstonmovie,TheRoot
marstonmovie,MarstonMovie
marstonmovie,RobinsonAngela
karospiderchan,_udemia
lexluthoz,TheRoot
lexluthoz,MarstonMovie
lexluthoz,RobinsonAngela
pamelaivys,Variety
pamelaivys,KellyClarkson
heyychelsayy,Variety
heyychelsayy,KellyClarkson
BronyRetweets,TakaraPOV
OrigemJustica,dyegodimitri
tladyinthetower,WarnerBrosUK
galgadotx,Variety
galgadotx,KellyClarkson
HollywoodInToto,THR
KamTechnolyog,MarkMahon
jenlindner,TheRoot
jenlindner,MarstonMovie
jenlindner,RobinsonAngela
maplewhite1912,WarnerBrosUK
SheaVanderpoort,TracyYOliver
SheaVanderpoort,Variety
kohzy,JoRoan
kohzy,shashashasha
kohzy,eeeeenid
kohzy,xuhulk
kohzy,tealtan
crisxluh,WarnerBrosUK
galgadotx,Variety
galgadotx,KellyClarkson
crisxluh,empiremagazine
Maribelula,RutaporMx
Sar380,20thCFox_FR
Sar380,20thCFox_FR
PhantomX1313,DCFilmaniacos
WonderMorri,Hedihamadache
WonderMorri,20thCFox_FR
Sophie755339261,Variety
Sophie755339261,KellyClarkson
Kimoh559,highclasskate
Variety,GalGadot
Variety,PattyJenks
Variety,lifetimetv
ViralHadesVEVO,EmojiMovie
um_SOCIALmedia8,TomCruise
NewLine_Cinema,annabellemovie
HayatoRodry,DCFilmaniacos
yalikejazzzzzzz,EmojiMovie
global_glimpse,Variety
global_glimpse,GalGadot
global_glimpse,PattyJenks
global_glimpse,lifetimetv
reygonjinn,Variety
reygonjinn,GalGadot
reygonjinn,PattyJenks
reygonjinn,lifetimetv
TRCdocumentary,GenesisCinema
paologabi,GalGadot
NewLine_Cinema,annabellemovie
Pat2_p,WarnerBrosUK
kevinsampson,picturelockshow
kevinsampson,TheMrRichard
Dan_plee,TiffanyHaddish
AmeliBalzac1,Variety
AmeliBalzac1,GalGadot
AmeliBalzac1,PattyJenks
AmeliBalzac1,lifetimetv
KarenNuezGuerr1,WeLoveBarbieIG
KarenNuezGuerr1,barbaraig
zombietardis,thisisbenoliver
byhypedd,Variety
byhypedd,GalGadot
byhypedd,PattyJenks
byhypedd,lifetimetv
ezrasfIash,Variety
ezrasfIash,GalGadot
ezrasfIash,PattyJenks
ezrasfIash,lifetimetv
Love_My_Canada,NPR
SupesBatsy,Variety
SupesBatsy,GalGadot
SupesBatsy,PattyJenks
SupesBatsy,lifetimetv
JerrellZod2,Variety
JerrellZod2,GalGadot
JerrellZod2,PattyJenks
JerrellZod2,lifetimetv
Zarrwahhxx,WarnerBrosUK
Nonsenseman,Variety
Nonsenseman,GalGadot
Nonsenseman,PattyJenks
Nonsenseman,lifetimetv
tojikki21,Kanerudo66
Algorithmic_Ef,davegrey
Julioct99,_Felipero_fts
PhantomX1313,DCFilmaniacos
WonderfulCelebs,Variety
WonderfulCelebs,GalGadot
WonderfulCelebs,PattyJenks
WonderfulCelebs,lifetimetv
fatimix_gosling,bladerunner
TheLoneWolf68,ObnoxAnonymous
BOUNTYHUNTER660,F13thFranchise
thefIyingfox,Variety
thefIyingfox,GalGadot
thefIyingfox,PattyJenks
thefIyingfox,lifetimetv
khaleegis,Variety
khaleegis,GalGadot
khaleegis,PattyJenks
khaleegis,lifetimetv
MekareMadness,Variety
MekareMadness,GalGadot
MekareMadness,PattyJenks
MekareMadness,lifetimetv
claruchi,Variety
claruchi,KellyClarkson
Hoze7,1HombreSnPiedad
DespicableMe,DawnNeufeld
oriolripoll,Johnleblog
oriolripoll,mariusserra
PictureLockKids,picturelockshow
PictureLockKids,TheMrRichard
DaveFlanagan67,PattyJenks
JaredA1234,EmojiMovie
hericanegraciex,WarnerBrosUK
SirMoscas,pipevicioso
markfparis,DeaLawrence1
markfparis,Variety
lyric__m,WarnerBrosUK
SirMoscas,pipevicioso
verybatwoman,Variety
verybatwoman,GalGadot
verybatwoman,PattyJenks
verybatwoman,lifetimetv
lyric__m,mr_sjpatterson
lyric__m,IndieWire
SirMoscas,CuartaParedCine
SirMoscas,JorahElAndalo
Pippi_Dust,coachforward
world_dang,foxsingapore
Simone69181777,IMAX
Variety,LifetimeTV
nuriastweets,Johnleblog
nuriastweets,mariusserra
poison_candyy,Variety
poison_candyy,KellyClarkson
jamilemon,pipevicioso
earendilstar,Variety
earendilstar,GalGadot
earendilstar,PattyJenks
earendilstar,lifetimetv
rayofciccone,Variety
rayofciccone,KellyClarkson
GalGadotBRA,Variety
GalGadotBRA,GalGadot
GalGadotBRA,PattyJenks
GalGadotBRA,lifetimetv
global_glimpse,Variety
global_glimpse,LifetimeTV
StargatePioneer,PopCultureCosmo
kev_doble,wshed
earendilstar,Variety
earendilstar,LifetimeTV
TimHandley4,DaveOFlanagan
diianaaprince,Variety
diianaaprince,GalGadot
diianaaprince,PattyJenks
diianaaprince,lifetimetv
Carlos7Islas,barbaraig
UniversoDCnauta,Variety
UniversoDCnauta,LifetimeTV
d789s101112,OldKanStudios
jemandboo63,Variety
jemandboo63,LifetimeTV
HamiltonLeaetta,Variety
HamiltonLeaetta,LifetimeTV
JoshX1993,Disney
JoshX1993,BridgetCarey
JoshX1993,CNET
RekoMnd,pencilphilos
phoeebtonkin,Variety
phoeebtonkin,GalGadot
phoeebtonkin,PattyJenks
phoeebtonkin,lifetimetv
quantum_pa,davegrey
19skid97,primemeridian_
Navinpraveen93,Variety
Navinpraveen93,GalGadot
Navinpraveen93,PattyJenks
Navinpraveen93,lifetimetv
ohawaffle,DaveOFlanagan
efroster123,BatmanNewsCom
Divamarlene70,DespicableMe
Divamarlene70,Divamarlene70
drewtewksbury,whoshotyapod
drewtewksbury,RickyCarmona
drewtewksbury,AWolfeful
drewtewksbury,TheDreaClark
thetalentguru,Variety
thetalentguru,LifetimeTV
FlipMillarBurns,Variety
FlipMillarBurns,LifetimeTV
ben_noypi11,Variety
ben_noypi11,KellyClarkson
ashleypsyche20,GalGadot
everylittlepine,Variety
everylittlepine,LifetimeTV
roberalert,DCFilmaniacos
roberalert,TaurooAldebaran
Cozytvcatlover,annabellemovie
Fixfxh_kxj,theTelluris
digitalhomeboy,Variety
digitalhomeboy,LifetimeTV
MelissaHLeon,Variety
MelissaHLeon,LifetimeTV
tonybutler1,KatStarczewski
tonybutler1,derbymuseums
tonybutler1,LiamRSharp
JoeySalmingo,Variety
JoeySalmingo,GalGadot
JoeySalmingo,PattyJenks
JoeySalmingo,lifetimetv
Brinna_Jae,Variety
Brinna_Jae,LifetimeTV
NenemDobrev,Variety
NenemDobrev,GalGadot
NenemDobrev,PattyJenks
NenemDobrev,lifetimetv
1luvbooks,Variety
1luvbooks,LifetimeTV
LewisxoxMaddie,channingtatum
lina_drisse,Variety
lina_drisse,KellyClarkson
anavitoriadme,Variety
anavitoriadme,GalGadot
anavitoriadme,PattyJenks
anavitoriadme,lifetimetv
Kernow_Life,NewlynFilmhouse
_execute_testa,m1211nasu
Brinna_Jae,Variety
Brinna_Jae,GalGadot
Brinna_Jae,PattyJenks
Brinna_Jae,lifetimetv
MikeSchmidt09,The_GWW
MikeSchmidt09,wehaveahulkpod
MikeSchmidt09,startrekcbs
MikeSchmidt09,TheOrville
ArtBarroni,PosterPosse
LadyVeteran25,Variety
LadyVeteran25,LifetimeTV
FamilyOfAngels_,WarnerBrosUK
ohmariateresac,Variety
ohmariateresac,LifetimeTV
WhiteRoninFilms,theweeklyreview
carlahebling,Variety
carlahebling,LifetimeTV
DamianNixey,theweeklyreview
Pikabug1,theTelluris
alfredo_tigolo,thisisbenoliver
elizabetm1,GlassCastleFilm
elizabetm1,BookishHQ
motioncitycutie,AlertBot
motioncitycutie,WonderWomanFilm
motioncitycutie,RokuPlayer
Wavingthrough_W,Variety
Wavingthrough_W,LifetimeTV
necnectutu_h,Variety
necnectutu_h,LifetimeTV
g_kohls,eatplayrock
opa7_kb,DaveOFlanagan
tomorrowato,Variety
tomorrowato,GalGadot
tomorrowato,PattyJenks
tomorrowato,lifetimetv
michsineath,Variety
michsineath,KellyClarkson
DaniOTHfan,Variety
DaniOTHfan,KellyClarkson
berrard_mahaut,20thCFox_FR
BillleJoGrams,Variety
BillleJoGrams,KellyClarkson
Nonsenseman,Variety
Nonsenseman,LifetimeTV
ChristinaCoomb6,LovingVincent
PeterShinkoda,Variety
PeterShinkoda,GalGadot
PeterShinkoda,PattyJenks
PeterShinkoda,lifetimetv
vs4as,Variety
vs4as,GalGadot
vs4as,PattyJenks
vs4as,lifetimetv
sarafrass31,IGN
sarafrass31,pkavfc
mariaferlitaa,SpiderManMovie
blueshore1212,n0namae
MrandMrs_Clark,Lepub
Herveline88,loalaff
Herveline88,20thCFox_FR
MasterMastermnd,Darren_Mooney
sarafrass31,ArtofVFX
sarafrass31,imageworksvfx
Cloe__SanAntoni,AlexxGenesis
digitalhomeboy,Variety
digitalhomeboy,lifetimetv
digitalhomeboy,PattyJenks
sarafrass31,stevenrogersbot
Xarzvi,jzamorabonilla
Larryreveza1,WarnerBrosUK
rae_noelle,Darren_Mooney
GeekPride5,Variety
GeekPride5,GalGadot
GeekPride5,PattyJenks
GeekPride5,lifetimetv
ryan_poker_,23andMe
RhitikRaja,KingsmanMovie
RhitikRaja,_juliannemoore
RhitikRaja,cineworld
JimFrench2,archiebunkerUK
digitalhomeboy,Variety
digitalhomeboy,GalGadot
digitalhomeboy,PattyJenks
digitalhomeboy,lifetimetv
brionlogan,nathanmhurst
MaxFunHQ,whoshotyapod
MaxFunHQ,RickyCarmona
MaxFunHQ,AWolfeful
MaxFunHQ,TheDreaClark
msfhw,thisisbenoliver
rae_noelle,Darren_Mooney
JessiehIsGay,bamanboiVEVO
EyesWideKubrick,Variety
EyesWideKubrick,GalGadot
EyesWideKubrick,PattyJenks
EyesWideKubrick,lifetimetv
GalGadotBRA,Variety
GalGadotBRA,LifetimeTV
tomorrowato,Variety
tomorrowato,LifetimeTV
RosaBerros,RevistaMoonM
RosaBerros,jmcruzbar
nihilist_hippy,Variety
nihilist_hippy,GalGadot
nihilist_hippy,PattyJenks
nihilist_hippy,lifetimetv
TeresaFortesLuz,justiceleaguewb
emiliaheards,Variety
emiliaheards,GalGadot
emiliaheards,PattyJenks
emiliaheards,lifetimetv
holl_estup,ashleycovaa
dianacrd,WarnerBrosUK
NY_C17_princess,SpiderManMovie
BigBry7076,Variety
BigBry7076,LifetimeTV
mlp_neon_sketch,element2909
mlp_neon_sketch,Google
caivill,Variety
caivill,LifetimeTV
phun_wang,Variety
phun_wang,LifetimeTV
Mayaaaaz,loalaff
Mayaaaaz,20thCFox_FR
ZoVCustomz,Variety
ZoVCustomz,LifetimeTV
TheJokerFan2,SpiderManMovie
DespicableMe,jennifer_sikora
Coops_tv,greg_jenner
invenify,loalaff
invenify,20thCFox_FR
mozpanda16,Variety
mozpanda16,GalGadot
mozpanda16,PattyJenks
mozpanda16,lifetimetv
Th3D35tr0y3r,Tashaski27
Supercedric8427,loalaff
Supercedric8427,20thCFox_FR
privacypeeks,IFI_Dub
_Storagee_,DaveOFlanagan
Leeking44,theTelluris
shawnvalentino,bladerunner
WorstHeroEver07,Variety
WorstHeroEver07,GalGadot
WorstHeroEver07,PattyJenks
WorstHeroEver07,lifetimetv
KarimeCazares1D,TTBate
KarimeCazares1D,annabellemovie
SarelCa,Variety
SarelCa,KellyClarkson
claruchi,Variety
claruchi,KellyClarkson
UniversoDCnauta,Variety
UniversoDCnauta,GalGadot
UniversoDCnauta,PattyJenks
UniversoDCnauta,lifetimetv
4LoveOfTheRoad,MountainBetween
4LoveOfTheRoad,bladerunner
4LoveOfTheRoad,AmMadeMovie
TheComicsPals,GailSimone
TimeOfHollywood,Variety
TimeOfHollywood,GalGadot
TimeOfHollywood,PattyJenks
TimeOfHollywood,lifetimetv
zsommidublin,annabellemovie
magnusllewellin,arthistorynews
GalSerbia,Variety
GalSerbia,LifetimeTV
NoufyZadjalia,DaveOFlanagan
FernandoBaeza22,IMAX
elizabetm1,Everymancinema
KHWsangsun,Angela_AZ1010
Yukihe629,Variety
Yukihe629,GalGadot
Yukihe629,PattyJenks
Yukihe629,lifetimetv
dacuauhtli,Popkinema
_Rashad_H_,Variety
_Rashad_H_,KellyClarkson
edmkh,Variety
edmkh,KellyClarkson
JAscariat,Variety
JAscariat,GalGadot
JAscariat,PattyJenks
JAscariat,lifetimetv
FernandoBaeza22,DCEUMX
PhantomX1313,Variety
PhantomX1313,GalGadot
PhantomX1313,PattyJenks
PhantomX1313,lifetimetv
HPerezTapia,syromon
trovejo_,IMAX
ourseyesopen,enelcine_ar
ourseyesopen,peliculasdeFOX
famartinez2001,Laberintosarte
crom_record,Laberintosarte
TimeOfHollywood,Variety
TimeOfHollywood,LifetimeTV
wondrousdiana,Variety
wondrousdiana,GalGadot
wondrousdiana,PattyJenks
wondrousdiana,lifetimetv
IMGONZOFIRE83,Variety
IMGONZOFIRE83,KellyClarkson
comiczombie101,DrClawMD
msgoddessrises,Variety
msgoddessrises,LifetimeTV
pebbles2day,Variety
pebbles2day,LifetimeTV
VesperUK,J_amesp
VesperUK,MargaretAtwood
gem_hopkins,KatStarczewski
gem_hopkins,derbymuseums
gem_hopkins,LiamRSharp
barbaraigVzla,WeLoveBarbieIG
barbaraigVzla,barbaraig
passion_fruit4U,GalGadot
FocusFeatures,tanejamainhoon
FocusFeatures,a
NerdyCasual,Variety
NerdyCasual,LifetimeTV
eebraheemz,coachforward
naara_aa,bladerunner
VesperUK,bladerunner
Aurora_Hernandz,kelly_clarkson
SarelCa,Variety
SarelCa,GalGadot
SarelCa,PattyJenks
SarelCa,lifetimetv
FocusFeatures,VictoriaAbdul
MaliceIsGDLK,Variety
MaliceIsGDLK,LifetimeTV
ourseyesopen,enelcine_ar
ourseyesopen,peliculasdeFOX
ourseyesopen,MacaEncina
ourseyesopen,Itsalrighthere
ourseyesopen,mariano_12
ourseyesopen,catlavz
CineElBiografo,lacomiquera
CineElBiografo,CineElBiografo
DavidRP91,Variety
DavidRP91,GalGadot
DavidRP91,PattyJenks
DavidRP91,lifetimetv
AsunaxCherry,CNET
adrianginger,KermodeMovie
adrianginger,robbiereviews
WillKlaver,Variety
WillKlaver,GalGadot
WillKlaver,PattyJenks
WillKlaver,lifetimetv
santiag65a,DCEUMX
PhantomX1313,Variety
PhantomX1313,GeekPride5
PhantomX1313,GalGadot
PhantomX1313,PattyJenks
PhantomX1313,lifetimetv
CharlesRakes10,CNET
HarryS_AsAlways,WarnerBrosUK
gamedevilbitch,bladerunner
AgentPatel,GalGadot
DCoficialista,Variety
DCoficialista,GalGadot
DCoficialista,PattyJenks
DCoficialista,lifetimetv
AmusedAnn,WarnerBrosUK
EvanildoFreit,SonyPicturesBr
EvanildoFreit,RealRobinWright
aflynn42,SizzlerKistler
aflynn42,GailSimone
SaraMcKeeFRSA,vangoghmuseum
SaraMcKeeFRSA,LovingVincent
jakeblckmn,Variety
jakeblckmn,GalGadot
jakeblckmn,PattyJenks
jakeblckmn,lifetimetv
JackieMc0216,nathanmhurst
BrianIpuche28,DCEUMX
tcbro,Variety
tcbro,KellyClarkson
hwlfbloodx,KellyClarkson
yoursjomo,tom_hollanders_
yoursjomo,TomHolland1996
rogaso6,AlexxGenesis
muchopikalberto,SonyPicturesCol
cineMAppazzone,GalGadot
FdoSantoyoTello,playersoflife
ks7000,AvedonNicholas
ks7000,AvedonNicholas
_Rashad_H_,Variety
_Rashad_H_,KellyClarkson
LyraFay,Variety
LyraFay,GalGadot
LyraFay,PattyJenks
LyraFay,lifetimetv
commar86,Variety
commar86,GalGadot
commar86,PattyJenks
commar86,lifetimetv
DrManhattans,Variety
DrManhattans,KellyClarkson
BossEnderDude,EmojiMovie
Renan1990,WarnerBrosUK
sgtyates,IMAX
ks7000,ks7000
ks7000,AvedonNicholas
ks7000,PresImplacable
De_La_Fuente_23,DCEUMX
AlexMLancaster,WarnerBrosUK
Sheigher,annabellemovie
crom_record,fabymoz
SMKP_Films,whoshotyapod
SMKP_Films,RickyCarmona
SMKP_Films,AWolfeful
SMKP_Films,TheDreaClark
keysersaur,ALANNEILWM
keysersaur,tentaciones
tsbuilderboy,element2909
tsbuilderboy,Google
Sheigher,annabellemovie
Sheigher,creepypuppet
jussticeleague,Variety
jussticeleague,LifetimeTV
p3rryGray,Variety
p3rryGray,LifetimeTV
kwakupretingle,SilverbirdGhana
Swikithegreat,Variety
Swikithegreat,LifetimeTV
ZBCZone,AQOFthemovie
ROPmaidenYT,StripMarvel
MunsterMoe,annabellemovie
fincherism,Variety
fincherism,GalGadot
fincherism,PattyJenks
fincherism,lifetimetv
wondsrwomsn,DeaLawrence1
wondsrwomsn,Variety
Kernow_Life,NewlynFilmhouse
WillMontgomer14,Variety
WillMontgomer14,KellyClarkson
JesabelRaay,Variety
JesabelRaay,GalGadot
JesabelRaay,PattyJenks
JesabelRaay,lifetimetv
CantizanoAndrea,WarnerBrosUK
atomkinder6,bladerunner
JackieOMoleski,ericvale
crom_record,FrikiSol
_Rashad_H_,Variety
_Rashad_H_,LifetimeTV
_Morena_16,WarnerBrosUK
DespicableMe,GiveawayGirlEm
ItsmeVID,GalGadot
ItsmeVID,PattyJenks
ItsmeVID,WonderWomanFilm
DianaBS87,Hyperguy_HD
ElCluso,angelicabastien
ElCluso,vulture
nfc_nick,nerdflixchill
JanetOS_,ingreenskies
RDrago66,Variety
RDrago66,LifetimeTV
PhantomX1313,DCEUMX
filmproductionb,Variety
filmproductionb,LifetimeTV
LadyJuliet6,Variety
LadyJuliet6,LifetimeTV
SarelCa,Variety
SarelCa,GalGadot
SarelCa,lifetimetv
RDrago66,Variety
RDrago66,GalGadot
RDrago66,PattyJenks
RDrago66,lifetimetv
cvnnerkent,Variety
cvnnerkent,GalGadot
cvnnerkent,PattyJenks
cvnnerkent,lifetimetv
Rick_24K,Katphotography1
Rick_24K,HerUniverse
hxrietxoxo,WarnerBrosUK
celogalhano,Variety
celogalhano,LifetimeTV
CantizanoAndrea,Harry_Styles
stonezago,AmazonVideo
CraigSu1,GalGadot
djanasprince,Variety
djanasprince,GalGadot
djanasprince,PattyJenks
djanasprince,lifetimetv
Dany_Extreme,DCFilmaniacos
RDrago66,Variety
RDrago66,KellyClarkson
2hh88mccoyv,MarkMahon
JanetOS_,adrianbowyer
smokinhokin,WarnerBrosUK
MirrorLadies,MindyMossXO
MirrorLadies,CamModelsNowCom
AfterBurn739,thecountdownpc
canada_panda,Variety
canada_panda,LifetimeTV
djanasprince,Variety
djanasprince,LifetimeTV
modernpoly,PolyamoryNews
modernpoly,rosiebiwords
modernpoly,BabsinGlasses
AprendizMusico,DCFilmaniacos
JanetOS_,NParker009
mcottenden,Fandor
JanetOS_,SammyR21
Josh2Gud4U,Variety
Josh2Gud4U,GalGadot
Josh2Gud4U,PattyJenks
Josh2Gud4U,lifetimetv
HarryStyh,WarnerBrosUK
JanetOS_,dtdinh
HarryStyh,empiremagazine
canada_panda,Variety
canada_panda,GalGadot
canada_panda,PattyJenks
canada_panda,lifetimetv
PhantomX1313,CNET
miya_mccray,Variety
miya_mccray,LifetimeTV
JustKendall93,Variety
JustKendall93,LifetimeTV
rockett70,Laberintosarte
ifavgadot,Variety
ifavgadot,LifetimeTV
pwrlwt,WarnerBrosUK
OnePerfectShot,rejects
OnePerfectShot,stormofspoilers
ifavgadot,Variety
ifavgadot,GalGadot
ifavgadot,PattyJenks
ifavgadot,lifetimetv
causefilmfest,theweeklyreview
NightingaleYor1,Aglaia_Berlutti
NightingaleYor1,lustermagazine
onedagay,nerdypoc
LosInmamables,LosInmamables
Coreallan,LosInmamables
styIesdevil,WarnerBrosUK
miya_mccray,Variety
miya_mccray,GalGadot
miya_mccray,PattyJenks
miya_mccray,lifetimetv
ekapurkapur,YouTube
gatitomiaudc,DCEUMX
tesoromish,nerdypoc
dennerdias27,Xbox
lolee_azzam,WarnerBrosUK
dianaprincing,Variety
dianaprincing,GalGadot
dianaprincing,PattyJenks
dianaprincing,lifetimetv
The_Crying_Moon,AQOFthemovie
mozpanda16,Variety
mozpanda16,LifetimeTV
MarcDavidGaudry,Variety
MarcDavidGaudry,GalGadot
MarcDavidGaudry,PattyJenks
MarcDavidGaudry,lifetimetv
spacemaghrebi,nerdypoc
skymods,atomkinder6
skymods,bladerunner
dianaprincing,Variety
dianaprincing,LifetimeTV
celeb_studies,JackieRaphael
parkprang,theTelluris
princessgadot,Variety
princessgadot,LifetimeTV
medonnab,Ramon_N90
_Rashad_H_,Variety
_Rashad_H_,GalGadot
_Rashad_H_,PattyJenks
_Rashad_H_,lifetimetv
mommasaysobama,Variety
mommasaysobama,KellyClarkson
KateMarieAdams,Gelliman82
dsm67,BatmanNewsCom
wondygal,Variety
wondygal,LifetimeTV
manthx,Variety
manthx,GalGadot
manthx,PattyJenks
manthx,lifetimetv
AppleGr01612739,apbmontano
_juan_jose,AndesFilmsPe
_juan_jose,RyanGosling
jeffthein,alexfilmpro
passion_fruit4U,GalGadot
B_jinkabell,theTelluris
adrianherrera10,tattoogirlspain
mommasaysobama,Variety
mommasaysobama,kellyclarkson
LukeEvans_News,marstonmovie
LukeEvans_News,RobinsonAngela
b_eternal757,CNET
pinkpopcornfilm,Variety
pinkpopcornfilm,GalGadot
pinkpopcornfilm,PattyJenks
pinkpopcornfilm,lifetimetv
AgurtGomez,annabellemovie
lexluthoz,Variety
lexluthoz,LifetimeTV
xfireflyx3,bamanboiVEVO
pinecavill,Variety
pinecavill,LifetimeTV
AngelLuque2001,pipevicioso
ezragaI,Variety
ezragaI,LifetimeTV
platypusrme,bladerunner
JesabelRaay,Variety
JesabelRaay,LifetimeTV
Kidnapthamoney1,FatD212
Kidnapthamoney1,PaperChasinTee
Kidnapthamoney1,YungggBillaaa
Kidnapthamoney1,PaperChasinTee
CoinsInfoXYZ,mindpass2050
McClain_on_NFL,Variety
McClain_on_NFL,LifetimeTV
FlutterRetweets,BronyMate
KlaineyBear1,Darren_Mooney
dorkwayne,Variety
dorkwayne,LifetimeTV
The_Crying_Moon,OfficialReneeOC
The_Crying_Moon,AQOFthemovie
The_Crying_Moon,RealLucyLawless
The_Crying_Moon,AnaMSL4ever
The_Crying_Moon,thebigloc
The_Crying_Moon,LenaDalli
The_Crying_Moon,dlsquared2
The_Crying_Moon,sjf13k_sj
theprincesamu,AndesFilmsPe
theprincesamu,RyanGosling
KlaineyBear1,Darren_Mooney
LokiBartleby,bladerunner
LokiBartleby,RyanGosling
LokiBartleby,Ana_d_Armas
Kevinolivagonz,sonypictures_es
BackToBee,Variety
BackToBee,KellyClarkson
BronyRetweets,ssarkasmi
KlaineyBear1,Darren_Mooney
Agnosis9,Neomalkavian
ManuelRo2050,OnePerfectShot
ManuelRo2050,rejects
ManuelRo2050,stormofspoilers
KlaineyBear1,Darren_Mooney
oiselle_sally,Variety
oiselle_sally,GalGadot
oiselle_sally,PattyJenks
oiselle_sally,lifetimetv
SiberiaMachines,lights
carlosmoreno_ch,MariaPalmero_
carlosmoreno_ch,LaLlamadaLaPeli
carlosmoreno_ch,soyambrossi
carlosmoreno_ch,javviercalvo
Jorgeluenda,HLfavorito
Jorgeluenda,Knifer259Adrian
CooperKnox,Variety
CooperKnox,GalGadot
CooperKnox,PattyJenks
CooperKnox,lifetimetv
JMIAHONLINE,justiceleaguewb
__AntoniaWhite,WarnerBrosUK
hazelnut317,Variety
hazelnut317,KellyClarkson
kylewflora,fandango
JAscariat,Darren_Mooney
elkellima,Variety
elkellima,KellyClarkson
pinemorley,Variety
pinemorley,LifetimeTV
madipeciosa,ecartelera
elkellima,Variety
elkellima,KellyClarkson
kennykraly,ladiesofcomics
kennykraly,JssMerino
saramarz,OnePerfectShot
saramarz,rejects
saramarz,stormofspoilers
Janisku7,Artyfakes
KlaineyBear1,Darren_Mooney
KlaineyBear1,Darren_Mooney
mommasaysobama,JarettSays
mommasaysobama,JuddApatow
mommasaysobama,edbegleyjr
ESPNRadio,adnanESPN
ESPNRadio,ScottFeinberg
Bey_Mafia,Variety
Bey_Mafia,GalGadot
Bey_Mafia,PattyJenks
Bey_Mafia,lifetimetv
DespicableMe,LydiaMBowers
BSGDrew,cameronmonaghan
JustADamnHero,DCEUMX
aliensonIy,thisisbenoliver
CalireBlackInk,Variety
CalireBlackInk,GalGadot
CalireBlackInk,PattyJenks
CalireBlackInk,lifetimetv
The_Crying_Moon,AQOFthemovie
Pollobarba,OlmoGonzalez
RachKStevens,LovingVincent
RachKStevens,PhoenixLeic
epskrcgl,Cinemaximum
mommasaysobama,ariannahuff
mommasaysobama,Benioff
sumaschill,Variety
sumaschill,KellyClarkson
biotene2010,lucrezianews
MattGaming_76,GoslingFrance
MacaulayRickett,WarnerBrosUK
ApMarvel,Variety
ApMarvel,GalGadot
ApMarvel,PattyJenks
ApMarvel,lifetimetv
BubbIyShai,BatmanNewsCom
petitebushmills,prattman711
StarSong13,BronyMate
GeekGirlRiot,idobiradio
mj178tak,pinausagi
jlaweutevenero,PopcornStation1
uriel_cas_flei,WeLoveBarbieIG
uriel_cas_flei,barbaraig
Valery_Tommo01,WarnerBrosUK
EyesWideKubrick,Variety
EyesWideKubrick,LifetimeTV
ArTallks,Variety
ArTallks,GalGadot
ArTallks,PattyJenks
ArTallks,lifetimetv
theapptrade,cybercodetwins
ahmetgargili,OnePerfectShot
ahmetgargili,rejects
ahmetgargili,stormofspoilers
ThotLyncher,bamanboiVEVO
rhiannonkatie18,Variety
rhiannonkatie18,KellyClarkson
monasso,greg_jenner
EvanCastella,OnePerfectShot
EvanCastella,rejects
EvanCastella,stormofspoilers
LastSonofKryp,WarriorDiana1
dayana_rorenu,SpiderManMovie
ArTallks,officialnoho
finaltle_2545,IGN
HarryStylesBol,WarnerBrosUK
cathyfwilson2,alibra4_cathy
louisloverangel,WarnerBrosUK
alcaderr,Variety
alcaderr,GalGadot
alcaderr,PattyJenks
alcaderr,lifetimetv
No_Normal_Bitch,DylanOBrienPOL
katycatkaren,Variety
katycatkaren,KellyClarkson
ollidressler,RyanGosling
chemg07,Fnac
chemg07,Fnac
EnigmasLight99,Variety
EnigmasLight99,GalGadot
EnigmasLight99,PattyJenks
EnigmasLight99,lifetimetv
crippled_swan,EmojiMovie
e1ynur,SpiderManMovie
scj,siouxbruce
LT38,Variety
LT38,LifetimeTV
terryleelife,SpiderManMovie
SteveCalderon85,Collider
SteveCalderon85,BrianFormo
LT38,Variety
LT38,GalGadot
LT38,PattyJenks
LT38,lifetimetv
WolvertonNash,TheJeffBridges
WolvertonNash,helpforheroes
WolvertonNash,channingtatum
ConversationCA,ronburnett
ConversationCA,EmilyCarrU
TheBOSSofStress,coachforward
globol10,AmazonVideo
stylesremus,WarnerBrosUK
NayaCutYoNails,nerdypoc
SingingSurgeon,SmashG0D
SingingSurgeon,lloD74
futurehako,Variety
futurehako,LifetimeTV
kaitlin_gasner,TomHolland1996
joaomar13471263,annabellemovie
Accentaccesoriz,deegeemariegift
BaireJoe,Variety
BaireJoe,LifetimeTV
jorshrr,GalGadot
rmungo13,Variety
rmungo13,GalGadot
rmungo13,PattyJenks
rmungo13,lifetimetv
WilfredBLS,annabellemovie
talknfilms,Variety
talknfilms,GalGadot
talknfilms,PattyJenks
talknfilms,lifetimetv
Toontanner,OnePerfectShot
Toontanner,rejects
Toontanner,stormofspoilers
ColettesMovies,AQOFthemovie
Lbaini,village_cines
AndrewSzala,OnePerfectShot
AndrewSzala,rejects
AndrewSzala,stormofspoilers
momtograndma,eatplayrock
Batwing626,Variety
Batwing626,KellyClarkson
TreyGameDev,bladerunner
tammyinlalaland,Variety
tammyinlalaland,LifetimeTV
BronyRetweets,CorpulentBrony
ChatSuffit,LovingVincent
jorshrr,GalGadot
antiwhorenina,ninadobrev
mcottenden,IMAX
nic_mm,Variety
nic_mm,GalGadot
nic_mm,PattyJenks
nic_mm,lifetimetv
lostwarbler,WarnerBrosUK
pirila_d,village_cines
WilfredBLS,justiceleaguewb
itsjael_10,Variety
itsjael_10,KellyClarkson
themyscirae,Variety
themyscirae,LifetimeTV
Helenamackenzie,LovingVincent
MaylandMorag,GalGadot
BiankaNYC,JasonLVoorhees
jakejordon2,bladerunner
DrinkAsWest,DCEUMX
Tricia53561881,KingsmanMovie
HeroicGateway,Variety
HeroicGateway,KellyClarkson
penguinscribble,NBCUniversal
jooeun00,seijun_yang
simpleacresblog,eatplayrock
VivalaRia,TracyYOliver
VivalaRia,Variety
PNolan14,AlertBot
PNolan14,WonderWomanFilm
PNolan14,RokuPlayer
NakkabiAlex,Variety
NakkabiAlex,LifetimeTV
zoumrouda,Variety
zoumrouda,GalGadot
zoumrouda,lifetimetv
thinker_foreign,Variety
thinker_foreign,GalGadot
thinker_foreign,PattyJenks
thinker_foreign,lifetimetv
J_beezy2729,IGN
ZTheJustOK,OnePerfectShot
ZTheJustOK,rejects
ZTheJustOK,stormofspoilers
FearHellsGate,CinemaJaw
FearHellsGate,FearHellsGate
ninaskote,antiwhorenina
ninaskote,ninadobrev
jbh4313,EmojiMovie
PNolan14,AlertBot
PNolan14,WonderWomanFilm
PNolan14,RokuPlayer
andymitch74,bladerunner
ShitTm2,annabellemovie
BronyRetweets,ssarkasmi
BronyRetweets,AlixLanett
TrashPandas83,slcpd
nic_mm,Variety
nic_mm,PattyJenks
nic_mm,lifetimetv