"MusicBoxHR,",@bladerunner
"armgra,",@ortyzapple
"TheMelFarley,",@goodyk
"TheMelFarley,",@USATODAY
"FunSizedFarley,",@goodyk
"FunSizedFarley,",@USATODAY
"Kernow_Life,",@NewlynFilmhouse
"WhiteRoninFilms,",@theweeklyreview
"DamianNixey,",@theweeklyreview
"MrandMrs_Clark,",@Lepub
"ryan_poker_,",@23andMe
"JimFrench2,",@archiebunkerUK
"Th3D35tr0y3r,",@Tashaski27
"shawnvalentino,",@bladerunner
"4LoveOfTheRoad,",@MountainBetween
"4LoveOfTheRoad,",@bladerunner
"4LoveOfTheRoad,",@AmMadeMovie
"adrianginger,",@KermodeMovie
"adrianginger,",@robbiereviews
"Kernow_Life,",@NewlynFilmhouse
"atomkinder6,",@bladerunner
"OnePerfectShot,",@rejects
"OnePerfectShot,",@stormofspoilers
"causefilmfest,",@theweeklyreview
"kylewflora,",@fandango
"epskrcgl,",@Cinemaximum
"ollidressler,",@RyanGosling
"scj,",@siouxbruce
"ConversationCA,",@ronburnett
"ConversationCA,",@EmilyCarrU
"autistic_artyom,",@RyanGosling
"autistic_artyom,",@RyanGosling
"autistic_artyom,",@RyanGosling
"keithbwalters,",@ODEONCinemas
"shiawasekim,",@XanderXDR
"DadoRockWhirirk,",@Ms_L_K
"DadoRockWhirirk,",@bladerunner
"Prof_IeuanEllis,",@tynesidecinema
"najboljidizajn,",@bladerunner
"angelaadelman,",@ShowPlaceICON
"angelaadelman,",@wbpictures
"angelaadelman,",@tonetash02
"angelaadelman,",@marybenack
"angelaadelman,",@ChristyGeorge10
"winniemli,",@bladerunner
"Jombridge,",@CicedDicken
"MovieCornerUK,",@stevejdonahue
"TLDR_MovRev,",@SonyPicturesAUS
"TLDR_MovRev,",@bladerunner
"CareOsse,",@metmuseum
"djlange,",@HansZimmer
"djlange,",@benwallfisch
"ThisIsntWorkin,",@bladerunner
"EsquireImax,",@saenzzentologys
"DJDelleon,",@Gizmodo
"PaperEbooks,",@SYFY
"PaperEbooks,",@RyanGosling
"RealJoshMabie,",@rianjohnson
"TexRangersFan34,",@bladerunner
"FlixAnon,",@starwars
"FlixAnon,",@VIFFest
"JimmyJames500,",@ShowPlaceICON
"JimmyJames500,",@wbpictures
"olly_tardif,",@bladerunner
"replikhant,",@LVTino
"PharaohNovel,",@HBO
"PharaohNovel,",@bladerunner
"PharaohNovel,",@wbpictures
"PharaohNovel,",@SonyPictures
"OrbitalJigsaw,",@ConcessionStand
"ChristianSpoerl,",@Boobafett69
"ChristianSpoerl,",@vanschuppen
"ChristianSpoerl,",@Boobafett69
"ChristianSpoerl,",@vanschuppen
"JonnyNumb,",@YouTube
"the_alexiad,",@andmichaelgreen
"WebB_DeMille,",@HansZimmer
"WebB_DeMille,",@benwallfisch
"alrod77,",@JaredLeto
"KarinfromMars,",@JaredLeto
